variableName, default,id,css,name,linkText,partialLinkText,className,xpath,xpath1
nameEditButton,xpath,,,Name Edit,,,,//XCUIElementTypeButton[@name="Name Edit"],
emailEditButton,xpath,,,Email Address Edit,,,,//XCUIElementTypeButton[@name="Email Address Edit"],
passwordEditButton,xpath,,,Password Edit,,,,//XCUIElementTypeButton[@name="Password Edit"],
firstNameEditField,xpath,,,,,,,(//XCUIElementTypeStaticText[@name="FIRST NAME"]/following-sibling::XCUIElementTypeOther/XCUIElementTypeTextField)[1],
lastNameEditField,xpath,,,,,,,(//XCUIElementTypeStaticText[@name="LAST NAME"]/following-sibling::XCUIElementTypeOther/XCUIElementTypeTextField)[1],
editAccountDetailsAccept,xpath,,,UPDATE,,,,//XCUIElementTypeButton[@name="UPDATE"],
editEmailField,xpath,,,,,,,(//XCUIElementTypeStaticText[@name="EMAIL ADDRESS"]/following-sibling::XCUIElementTypeOther/XCUIElementTypeTextField)[1],
editConfirmEmailField,xpath,,,,,,,(//XCUIElementTypeStaticText[@name="CONFIRM EMAIL"]/following-sibling::XCUIElementTypeOther/XCUIElementTypeTextField)[1],
editPasswordField,xpath,,,,,,,((//XCUIElementTypeStaticText[@name="PASSWORD"])[1]/following-sibling::XCUIElementTypeOther)[1]/XCUIElementTypeSecureTextField,
editPasswordConfirmField,xpath,,,,,,,((//XCUIElementTypeStaticText[@name="CONFIRM PASSWORD"])[1]/following-sibling::XCUIElementTypeOther)[1]/XCUIElementTypeSecureTextField,
