variableName,default,id,css,name,linkText,partialLinkText,className,xpath,xpath1
verifyBrandName,xpath,automationProductName,,,,,,//XCUIElementTypeStaticText[@name="automationProductName"],
verifyProductName,xpath,header,,header,,,,//XCUIElementTypeStaticText[@name="header"],
addToBasketButton,xpath,automationAddToBasket,,automationAddToBasket,,,,//XCUIElementTypeStaticText[@name="automationAddToBasket"],"//XCUIElementTypeStaticText[contains(@name,'AddToBasket')]"
scrollDownPopup,xpath,,,,,,,"//android.widget.TextView[contains(@text,'Scroll down and tap')]",
addToBasketSelectQuantityButton,xpath,com.sephora:id/sephora_pickup_button_quantity,,,,,,,
addToBasketQuantity,xpath,,,,,,,//android.widget.TextView[@text='2'],
checkoutProductQuantityButton,id,android:id/text1,,,,,,//android.widget.TextView[@text='1'],
checkoutProductQuantity,xpath,,,,,,,//android.widget.CheckedTextView[@text='2'],
buyOnlineAndPickupLink,xpath,,,,,,,//XCUIElementTypeStaticText[@name="Buy Online & Pick Up"],
checkOtherStoresLink,xpath,,,,,,,"//XCUIElementTypeStaticText[contains(@name,'Check other stores')]",//XCUIElementTypeStaticText[@name="Pickup not offered at this store Check other stores"]
similarProductsText,xpath,,,,,,,"(//XCUIElementTypeStaticText[contains(@name,""SIMILAR"")]/../following-sibling::XCUIElementTypeCell)[1]","(//XCUIElementTypeStaticText[contains(@name,""Similar"")]/../following-sibling::XCUIElementTypeCell)[1]"
sameDayDeliver,xpath,,,,,,,//XCUIElementTypeStaticText[@name="Same-Day Delivery"],//XCUIElementTypeApplication[@name="Sephora"]/XCUIElementTypeWindow[1]/XCUIElementTypeOther/XCUIElementTypeOther/XCUIElementTypeOther/XCUIElementTypeOther/XCUIElementTypeOther/XCUIElementTypeOther/XCUIElementTypeOther/XCUIElementTypeOther/XCUIElementTypeOther[1]/XCUIElementTypeOther/XCUIElementTypeScrollView/XCUIElementTypeOther[1]/XCUIElementTypeOther[4]/XCUIElementTypeOther/XCUIElementTypeOther/XCUIElementTypeOther[2]/XCUIElementTypeOther/XCUIElementTypeOther/XCUIElementTypeOther/XCUIElementTypeOther
orderTiming,xpath,,,,,,,"//XCUIElementTypeStaticText[contains(@name,'Order within')]",
sameDayDeliveryNotAvailable,xpath,,,,,,,"//XCUIElementTypeStaticText[contains(@label,'Same-day delivery not available')]",
changeLocationLink,xpath,com.sephora:id/et_sdd_change_location,,,,,,//android.widget.TextView[@text='Change location'],//android.widget.TextView[@resource-id="com.sephora:id/et_sdd_change_location"]
zipCodeTxtField,xpath,,,,,,,//XCUIElementTypeTextField[@name="ZIP/POSTAL CODE"],"//XCUIElementTypeTextField[contains(@name,'POSTAL CODE')]"
confirmButton,xpath,com.sephora:id/sephora_button_text_primary,,,,,,//XCUIElementTypeButton[@name="Confirm"],
okButton,xpath,,,OK,,,,//XCUIElementTypeButton[@name="OK"],
shopAllFromThisBrand,id,com.sephora:id/view_all,,,,,,//android.widget.TextView[@content-desc="View all link"],
variantText,xpath,,,,,,,(//android.widget.ImageView[@resource-id='com.sephora:id/ppage_variation_swatch_image'])[2],
shippingOption,id,com.sephora:id/standard,,,,,,//android.view.ViewGroup[@content-desc="Get It Shipped Spend $50 for free shipping"],
sameDayDelivery,id,com.sephora:id/same_day_delivery,,,,,,,
