variableName,default,id,css,name,linkText,partialLinkText,className,xpath
countryAndLanguageUS,xpath,,,,,,,"//XCUIElementTypeOther[@name=""Radio Button, United States, Selected""]"
countryAndLanguageCanada_En,xpath,,,,,,,"//XCUIElementTypeOther[@name=""Radio Button, Canada English, Unselected""]"
countryAndLanguageCanada_Fr,xpath,,,,,,,"//XCUIElementTypeOther[@name=""Radio Button, Canada Français, Unselected""]"
debugModeLink,xpath,,,,,,,//XCUIElementTypeStaticText[@name="Debug Mode"]
popUpContinueButton,xpath,,,,,,,//XCUIElementTypeButton[@name="Continue"]
StaySignedIcon,,,,,,,,//XCUIElementTypeSwitch[@name="Stay Signed In.Switch Button"]
