variableName,default,id,xpath,xpath1,,name,linkText,partialLinkText,className
AddToBasket,,,//XCUIElementTypeStaticText[@name="automationAddToBasket"],,,,,,
Basket,,,//XCUIElementTypeButton[@name="automationNavigationHeaderBasketButton"],,,,,,
CheckOut,,,//XCUIElementTypeButton[@name="Checkout"],//XCUIElementTypeButton[@name="automationBasketCheckoutButton"],,,,,
AddAddress,,,//XCUIElementTypeButton[@name="Add New Address"],,,,,,
PhoneBox,,,//XCUIElementTypeScrollView/XCUIElementTypeOther[1]/XCUIElementTypeOther[1]/XCUIElementTypeOther/XCUIElementTypeOther[5],,,,,,
AddressBox,,,//XCUIElementTypeScrollView/XCUIElementTypeOther[1]/XCUIElementTypeOther[1]/XCUIElementTypeOther/XCUIElementTypeOther[7],,,,,,
ZipCodeBox,,,//XCUIElementTypeScrollView/XCUIElementTypeOther[1]/XCUIElementTypeOther[1]/XCUIElementTypeOther/XCUIElementTypeOther[11],,,,,,
CityBox,,,//XCUIElementTypeScrollView/XCUIElementTypeOther[1]/XCUIElementTypeOther[1]/XCUIElementTypeOther/XCUIElementTypeOther[13],,,,,,
StateBox,,,//XCUIElementTypeScrollView/XCUIElementTypeOther[1]/XCUIElementTypeOther[1]/XCUIElementTypeOther/XCUIElementTypeOther[15],,,,,,
Saved,,,//XCUIElementTypeButton[@name="Save"],,,,,,
UseAddress,,,//XCUIElementTypeStaticText[@name="Use the address I entered"],,,,,,
ShipTo,,,//XCUIElementTypeScrollView/XCUIElementTypeOther[1]/XCUIElementTypeOther[1],,,,,,
ClickOnAddress,,,//XCUIElementTypeScrollView/XCUIElementTypeOther[1]/XCUIElementTypeOther[1]/XCUIElementTypeOther/XCUIElementTypeOther[11],,,,,,
SelectNearest,,,//XCUIElementTypeStaticText[@name="Select a location near you"],,,,,,
ChooseBox,,,(//XCUIElementTypeButton[@name="icon radio inactive"])[1],,,,,,
ChooseAddress,,,//XCUIElementTypeStaticText[@name="Choose This Location"],,,,,,
Recommended,,,(//XCUIElementTypeButton[@name="automatioRadioButton"])[2],,,,,,
Placedorder,,,//XCUIElementTypeStaticText[@name="Place Order"],,,,,,
SecurityCode,,,//XCUIElementTypeTextField[@name="automationSecurityCode"],,,,,,
PayMentMethod,,,//XCUIElementTypeScrollView/XCUIElementTypeOther[4]/XCUIElementTypeOther[1]/XCUIElementTypeOther[1],//XCUIElementTypeButton[@name="automationPaymentValue"],,,,,
SelectAmerica,,,//XCUIElementTypeStaticText[@name="Edit"],//XCUIElementTypeCollectionView/XCUIElementTypeCell[2]/XCUIElementTypeOther,,,,,
EnterrCode,,,//XCUIElementTypeScrollView/XCUIElementTypeOther[1]/XCUIElementTypeOther[4],,,,,,
BackFromAmerica,,,//XCUIElementTypeTextField[@name="automationSecurityCode"],,,,,,
EditAdd,,,(//XCUIElementTypeStaticText[@name="Edit"])[1],,,,,,
checkoutButton,xpath,,//XCUIElementTypeStaticText[@name="Checkout"],//XCUIElementTypeButton[@label="Checkout"],,,,,
productsRemoveButton,id,,//XCUIElementTypeStaticText[@name="Remove"],,,Remove,,,
sephoraCreditCardProgramText,xpath,,//XCUIElementTypeStaticText[@name="The Sephora Credit Card Program"],//XCUIElementTypeImage[@name="updatedCreditCard"],,,,,
seeDetailsButton,xpath,,//XCUIElementTypeStaticText[@name="See Details"],//XCUIElementTypeButton[@name="See Details"],,,,,
verifyCreditCardPage,xpath,,//XCUIElementTypeStaticText[@name="CREDIT CARD"],//XCUIElementTypeNavigationBar[@name="CREDIT CARD"],,,,,
FreeSamplesLink,xpath,,//XCUIElementTypeButton[@name="automationAddSample"],,,,,,
AddPromoCodeLink,xpath,,//XCUIElementTypeButton[@name="automationAddPromoReward"],//XCUIElementTypeButton[@label='Add Promos or Rewards.Button.'],,,,,
backButtonCheckoutPaymentSelectionPage,xpath,,//XCUIElementTypeButton[@name="automationNavigationHeaderBackButton"],,,,,,
samedayUnlimitedCheckbox,xpath,,//XCUIElementTypeStaticText[@name="SAME-DAY UNLIMITED"]/following-sibling::XCUIElementTypeOther/XCUIElementTypeOther/XCUIElementTypeOther/XCUIElementTypeButton,,,,,,
applePayButton,xpath,,//XCUIElementTypeButton[@name="Buy with Apple Pay"],,,,,,
Done,xpath,,//XCUIElementTypeButton[@name="Done"],,,,,,
NotificationForMsg,xpath,,//XCUIElementTypeStaticText[@name="Not Now"],,,,,,
PlaceOrder,xpath,,//XCUIElementTypeButton[@name="Place Order"],,,,,,
paymentMethode,xpath,,//XCUIElementTypeStaticText[@name='automationPaymentValue'],,,,,,
addNewCreditCardOrDebitCard,xpath,,//XCUIElementTypeOther[@name="Add New Credit or Debit CardButton."],,,,,,
