variableName,default,id,xpath,xpath1,css,name,linkText,partialLinkText,className
homeNavIcon,xpath,,//XCUIElementTypeButton[@name="Home"],,,,,,
shopNavIcon,xpath,,//XCUIElementTypeButton[@name="Shop"],,,,,,
offersNavIcon,xpath,,//XCUIElementTypeButton[@name="Offers"],,,,,,
meNavIcon,xpath,,//XCUIElementTypeButton[@name="Me"],//XCUIElementTypeButton[@name="Offers"]/following-sibling::XCUIElementTypeButton[1],,,,,
communityNavIcon,xpath,,//XCUIElementTypeButton[@name="Community"],,,,,,
storesNavIcon,xpath,,//XCUIElementTypeButton[@name="Stores"],,,,,,
meNavIconPostLogin,,,//XCUIElementTypeButton[@name="Offers"]/following-sibling::XCUIElementTypeButton[1],,,,,,
RajeshMeIcon,,,//XCUIElementTypeButton[@name="Rajesh"],,,,,,
