variableName,default,id,css,name,linkText,partialLinkText,className,xpath,xpath1
checkoutButton,xpath,Checkout,,Checkout,,,,//XCUIElementTypeStaticText[@name="Checkout"],
paymentOrGiftCard,xpath,com.sephora:id/checkout_payment_header_text,,,,,,//android.widget.TextView[@text='PAYMENT & GIFT CARD'],
addPaymentOrGiftcard,xpath,automationPaymentValue,,,,,,//XCUIElementTypeStaticText[@name="automationPaymentValue"],
addNewCreditOrDebitCard,xpath,Add New Credit or Debit CardButton.,,Add New Credit or Debit CardButton.,,,,//XCUIElementTypeOther[@name="Add New Credit or Debit CardButton."],
cardNumber,xpath,,,automationCreditcardNumber,,,,//XCUIElementTypeTextField[@name="automationCreditcardNumber"],
month,xpath,automationExpireyDate,,,,,,//XCUIElementTypeTextField[@name="automationExpireyDate"],
monthOption,xpath,,,,,,,//XCUIElementTypePickerWheel[@value="January"],
year,xpath,,,,,,,//android.widget.EditText[@text='Year'],
yearOption,xpath,,,,,,,//XCUIElementTypePickerWheel[@value="2024"],
cvv,xpath,,,automationSecurityCode,,,,//XCUIElementTypeTextField[@name="automationSecurityCode"],
firstName,xpath,automationFirstName,,,,,,//XCUIElementTypeTextField[@name="automationFirstName"],
lastName,xpath,automationLastName,,,,,,//XCUIElementTypeTextField[@name="automationLastName"],
doneButton,xpath,com.sephora:id/editor_action_done,,,,,,//android.widget.Button[@text='DONE'],
placeOrder,xpath,,,Place Order,,,,//XCUIElementTypeButton[@name="Place Order"],
reviewSephoraNoButton,xpath,com.sephora:id/dialog_button_ok,,,,,,//android.widget.Button[@text='NO'],
orderNumber,id,com.sephora:id/order_conf_number,,,,,,"//android.widget.TextView[contains(@text,'Your order # is')]",
shopButton,xpath,com.sephora:id/order_conf_menu_shop,,,,,,//android.widget.Button[@text='SHOP'],
orderViewDetals,xpath,,,,,,,//android.widget.TextView[@text='%s']/following-sibling::android.widget.LinearLayout/android.widget.FrameLayout,
cancelOrder,id,com.sephora:id/cancel_order,,,,,,//android.widget.TextView[@text='Changed your mind? Cancel your order.'],
cancelOrderReason,id,com.sephora:id/radio_button_reason,,,,,,//android.widget.RadioButton[@text='I want to modify the items in my order'],
sendButton,id,com.sephora:id/action_send,,,,,,//android.widget.Button[@text='SEND'],
cancelOrderMessage,id,com.sephora:id/text_message,,,,,,Your order has been successfully canceled. You will receive a confirmation email and your order status will be updated shortly. You will not be charged for this Order.,
backButton,xpath,,,,,,,//XCUIElementTypeButton[@name="automationNavigationHeaderBackButton"],//XCUIElementTypeButton[@label='Back']
reasonForCancellationHeader,id,com.sephora:id/reason_header,,,,,,//android.widget.TextView[@text='REASON FOR CANCELLATION (select one)'],
shipToHeader,id,com.sephora:id/address_title,,,,,,//android.widget.TextView[@text='SHIP TO'],
selectAddress,id,com.sephora:id/details,,,,,,,
addressDetails,id,com.sephora:id/address_details,,,,,,,
addNewAddress,xpath,com.sephora:id/add_text,,,,,,//android.widget.TextView[@text='Add New Address'],
addNewAddressFirstName,xpath,,,,,,,//android.widget.LinearLayout[@resource-id='com.sephora:id/add_shipping_first_name']//android.widget.EditText,
addNewAddressLastName,xpath,,,,,,,//android.widget.LinearLayout[@resource-id='com.sephora:id/add_shipping_last_name']//android.widget.EditText,
addNewAddressPhone,xpath,,,,,,,//android.widget.LinearLayout[@resource-id='com.sephora:id/add_shipping_phone']//android.widget.EditText,
addNewAddressAddress,xpath,,,,,,,//android.widget.LinearLayout[@resource-id='com.sephora:id/add_shipping_address']//android.widget.AutoCompleteTextView,
addNewAddressZipCode,xpath,,,,,,,//android.widget.LinearLayout[@resource-id='com.sephora:id/add_shipping_zip_code']//android.widget.EditText,
addNewAddressState,id,com.sephora:id/add_shipping_state_text_input_layout,,,,,,//android.widget.LinearLayout[@resource-id='com.sephora:id/add_shipping_state_text_input_layout']//android.widget.EditText,
addNewAddressSelectState,xpath,,,,,,,//android.widget.CheckedTextView[@text='CA'],
addNewAddressCity,xpath,,,,,,,//android.widget.LinearLayout[@resource-id='com.sephora:id/add_shipping_city']//android.widget.EditText,
addNewAddressDoneButton,id,com.sephora:id/editor_action_done,,,,,,//android.widget.Button[@text='DONE'],
afterPayButton,xpath,,,,,,,//android.widget.TextView[@resource-id="com.sephora:id/afterpay_description"],//android.widget.TextView[@text='use Afterpay']
saveButton,xpath,,,Save,,,,//XCUIElementTypeButton[@name="Save"],
paymentAndGiftCardBtn,xpath,com.sephora:id/checkout_payment_header_text,,,,,,//android.widget.TextView[@text='PAYMENT & GIFT CARD'],
continueToAfterPayButton,xpath,,,,,,,//XCUIElementTypeStaticText[@name="Continue to Afterpay"],//XCUIElementTypeButton[@label='Continue to Afterpay']
scheduleDeliverWindowButton,xpath,,,,,,,//XCUIElementTypeStaticText[@name="Schedule a Delivery Window"],//XCUIElementTypeStaticText[@label='Schedule a Delivery Window']
radioButton,xpath,,,,,,,(//XCUIElementTypeButton[@name="automationCA"])[4],(//XCUIElementTypeButton[@name="automationCA"])[2]
confirmButton,xpath,,,,,,,//XCUIElementTypeButton[@name="Confirm"],
cancelButton,xpath,,,,,,,(//XCUIElementTypeButton[@name="Cancel"])[2],//XCUIElementTypeStaticText[@name="Cancel"]
klarnaAfterPay,id,com.sephora:id/klarna_afterpay_info,,,,,,,
klarnaShopNowPayLaterHeader,id,com.sephora:id/fragment_activity_holder_toolbar_title,,,,,,"//android.widget.TextView[@text='Shop Now, Pay Later']",
afterPayLogo,xpath,,,,,,,//XCUIElementTypeCollectionView/XCUIElementTypeCell[3]/XCUIElementTypeOther,//XCUIElementTypeCollectionView/XCUIElementTypeCell[3]/XCUIElementTypeOther/XCUIElementTypeOther[1]/XCUIElementTypeOther/XCUIElementTypeOther[2]/XCUIElementTypeOther/XCUIElementTypeImage
addPaymentOKPopup,xpath,com.sephora:id/dialog_button_ok,,,,,,//android.widget.Button[@text='OK'],
freeTrialToBasketButton,xpath,com.sephora:id/sephora_button_container,,,,,,//android.widget.TextView[@text='Add Free Trial to Basket'],
billingAddressHeader,xpath,com.sephora:id/billingAddress,,,,,,//android.widget.TextView[@resource-id="com.sephora:id/billingAddress"],
addressLineOptionalText,xpath,,,,,,,//android.widget.EditText[@text="Address Line 2 (optional)"],
addPaymentMethod,xpath,,,,,,,//XCUIElementTypeStaticText[@name="automationPaymentValue"],
setAsMyDefaultCardChkBox,,,,,,,,//XCUIElementTypeStaticText[@name="Set as my default card"]/../XCUIElementTypeButton[@enabled='true'],
saveForFutureRefChkBox,,,,,,,,//XCUIElementTypeStaticText[@name="Save for future purchases"]/../XCUIElementTypeButton[@enabled='true'],
Done,,,,,,,,//XCUIElementTypeButton[@name="Done"],
NotificationForMsg,,,,,,,,//XCUIElementTypeStaticText[@name="Not Now"],
PlaceOrder,,,,,,,,//XCUIElementTypeButton[@name="Place Order"],
