variableName,default,id,css,name,linkText,partialLinkText,className,xpath,xpath1
emailAddressInputText,xpath,,,,,,,//XCUIElementTypeTextField[@name="Email Address"],
doneButton,xpath,,,,,,,//XCUIElementTypeButton[@name="Next"],
firstNameInputTextField,xpath,,,,,,,//XCUIElementTypeTextField[@name="First Name"],
lastNameInputTextField,xpath,,,,,,,//XCUIElementTypeTextField[@name="Last Name"],
passwordInputTextField,xpath,,,,,,,//XCUIElementTypeSecureTextField[@name="Password (6-12 characters)"],"//XCUIElementTypeSecureTextField[contains(@name,'Password')]"
joinNowButton,xpath,,,,,,,//XCUIElementTypeButton[@name="Join Now"],//XCUIElementTypeStaticText[@name="Join Now"]
