variableName,default,id,css,name,linkText,partialLinkText,className,xpath
cancelButton,xpath,,,,,,,//XCUIElementTypeStaticText[@name="Cancel"]
addButton,xpath,,,,,,,//XCUIElementTypeStaticText[@name="Add"]
storeFormCancelButton,xpath,,,,,,,//XCUIElementTypeButton[@name="Cancel"]
storeFormDoneButton,xpath,,,,,,,//XCUIElementTypeButton[@name="Done"]
storeId,xpath,,,,,,,//XCUIElementTypeStaticText[@name="Store ID"]/following-sibling::XCUIElementTypeTextField
storeName,xpath,,,,,,,//XCUIElementTypeStaticText[@name="Store Name"]/following-sibling::XCUIElementTypeTextField
state,xpath,,,,,,,//XCUIElementTypeStaticText[@name="State"]/following-sibling::XCUIElementTypeTextField
country,xpath,,,,,,,//XCUIElementTypeStaticText[@name="Country"]/following-sibling::XCUIElementTypeTextField
storeRegion,xpath,,,,,,,//XCUIElementTypeStaticText[@name="Store Region"]/following-sibling::XCUIElementTypeTextField
storeType,xpath,,,,,,,//XCUIElementTypeStaticText[@name="Store Type"]/following-sibling::XCUIElementTypeTextField
entryButton,xpath,,,,,,,//XCUIElementTypeStaticText[@name="Entry"]
clickOnStore,xpath,,,,,,,//XCUIElementTypeStaticText[@name="0058"]
