variableName,default,id,css,name,linkText,partialLinkText,className,xpath
emailTextField,xpath,,,,,,,//XCUIElementTypeTextField[@name="Email Address"]
doneButton,xpath,,,,,,,//XCUIElementTypeButton[@name="Next"]
firstName,xpath,,,,,,,//XCUIElementTypeTextField[@name="First Name"]
lastName,xpath,,,,,,,//XCUIElementTypeTextField[@name="Last Name"]
password,xpath,,,,,,,//XCUIElementTypeSecureTextField[@name="Password (6-12 characters)"]
phoneNumber,xpath,,,,,,,//XCUIElementTypeTextField[@name="Phone Number"]
signMeMarketingAlert,xpath,,,,,,,//XCUIElementTypeButton[@name="icon checkbox normal"]
subscribeSephoraEmail,xpath,,,,,,,//android.widget.CheckBox[@resource-id="com.sephora:id/create_account_ca_subscribe_email_checkbox"]
joinNowButton,xpath,,,,,,,//XCUIElementTypeButton[@name="Join Now"]
closeButtonPostRegistration,xpath,,,,,,,//XCUIElementTypeButton[@name="AddToBasketModalClose"]
okButtonPostRegistration,xpath,,,,,,,//XCUIElementTypeButton[@name="OK"]
