variableName,default,id,css,name,linkText,partialLinkText,className,xpath
useMyLocation,xpath,,,,,,,//XCUIElementTypeStaticText[@name="USE MY LOCATION"]
continueButton,xpath,,,,,,,(//XCUIElementTypeButton[@name="Continue"])[2]
findAStoreNearYouButton,xpath,,,,,,,//XCUIElementTypeButton[@name="Find A Store Near You"]
selectedLocation,xpath,,,,,,,//XCUIElementTypeTextField[@name="Search Location"]
enterLocation,xpath,,,,,,,"(//XCUIElementTypeTextField[@name=""Search,Edit""])[2]"
selectNewYorkOption,xpath,,,,,,,"//XCUIElementTypeStaticText[@name=""New York, NY, USA""]"
allowWhileUsingApp,xpath,,,,,,,//XCUIElementTypeButton[@name="Allow While Using App"]
keepOnlyWhileUsing,xpath,,,,,,,//XCUIElementTypeButton[@name="Keep Only While Using"]
