variableName,default,id,css,name,linkText,partialLinkText,className,xpath,xpath1
selectImage,xpath,,,,,,,"(//android.view.ViewGroup[contains(@resource-id,'mainContainer')])[1]",(//android.view.ViewGroup[@resource-id="com.sephora:id/mainContainer"])[1]
moreButton,xpath,com.sephora:id/kebabIcon,,,,,,//android.widget.ImageView[@resource-id="com.sephora:id/kebabIcon"],"//android.widget.ImageView[contains(@resource-id,'kebabIcon')]"
reportButton,xpath,,,,,,,//android.widget.TextView[@text='Report'],//android.widget.TextView[@resource-id="com.sephora:id/sephora_button_text_primary" and @text="Report"]
uploadPhotoLink,xpath,com.sephora:id/txtUploadToGallery,,,,,,//android.widget.TextView[@text='+Upload to Gallery'],//android.widget.TextView[@resource-id="com.sephora:id/txtUploadToGallery"]
takePhotoIcon,xpath,,,,,,,//android.widget.TextView[@text="Take a photo"],//android.widget.LinearLayout[@resource-id="com.sephora:id/layout_bb_camera"]/android.widget.ImageView
shutterIcon,xpath,,,,,,,//android.widget.ImageView[@content-desc='Shutter'],//android.widget.ImageView[@content-desc="Shutter"]
imageDoneButton,xpath,,,,,,,//android.widget.ImageButton[@content-desc='Done'],//android.widget.ImageButton[@content-desc="Done"]
captionInputTextField,xpath,com.sephora:id/caption_input_edit_text,,,,,,//android.widget.EditText[@text='Caption (required)'],//android.widget.EditText[@resource-id="com.sephora:id/caption_input_edit_text"]
yesIagreeChkBox,xpath,,,,,,,"//android.widget.CheckBox[contains(@text,'I agree to the Terms')]",//android.widget.CheckBox[@resource-id="com.sephora:id/agreeTerms"]
postButton,xpath,,,,,,,//android.widget.TextView[@text='Post'],//android.widget.TextView[@resource-id="com.sephora:id/sephora_button_text_primary"]
successOKButton,xpath,,,,,,,//android.widget.Button[@text='OK'],//android.widget.Button[@resource-id="com.sephora:id/dialog_button_ok"]
myGalleryButton,xpath,,,,,,,//android.widget.TextView[@text='My Gallery'],//android.widget.TextView[@resource-id="com.sephora:id/txtMyGallery"]
selectPhoto,xpath,com.sephora:id/mainContainer,,,,,,//android.view.ViewGroup[@resource-id="com.sephora:id/mainContainer"],
kebobIcon,xpath,com.sephora:id/kebabIcon,,,,,,//android.widget.ImageView[@resource-id="com.sephora:id/kebabIcon"],
deleteIcon,xpath,,,,,,,//android.widget.TextView[@text='Delete'],//android.widget.TextView[@resource-id="com.sephora:id/sephora_button_text_primary" and @text="Delete"]
doneButton,xpath,,,,,,,//android.widget.Button[@text='DONE'],//android.widget.Button[@resource-id="com.sephora:id/menu_action_done"]
imageCard,xpath,,,,,,,(//androidx.cardview.widget.CardView[@resource-id="com.sephora:id/card"])[2],(//android.view.ViewGroup[@resource-id="com.sephora:id/mainContainer"])[2]
