variableName,default,id,css,name,linkText,partialLinkText,className,xpath,xpath1
selectImage,xpath,,,,,,,"//XCUIElementTypeCollectionView//XCUIElementTypeCell//XCUIElementTypeImage[contains(@name,'image')]","//XCUIElementTypeCollectionView//XCUIElementTypeCell//XCUIElementTypeImage[contains(@label,'image')]"
moreButton,xpath,,,kebab,,,,//XCUIElementTypeImage[@name="kebab"],//XCUIElementTypeScrollView/XCUIElementTypeOther[1]/XCUIElementTypeOther[2]/XCUIElementTypeButton[3]
reportButton,xpath,,,Report,,,,//XCUIElementTypeButton[@name="Report"],//XCUIElementTypeButton[@label='Report']
uploadPhotoLink,xpath,,,,,,,//XCUIElementTypeButton[@name="+ Upload to Gallery"],
takePhotoIcon,xpath,,,Take a Photo or Record Video,,,,//XCUIElementTypeButton[@name="Take a Photo or Record Video"],"//XCUIElementTypeButton[contains(@name,'Take a Photo')]"
shutterIcon,xpath,,,,,,,,
imageDoneButton,xpath,,,,,,,,
captionInputTextField,xpath,,,,,,,,
yesIagreeChkBox,xpath,,,,,,,,
postButton,xpath,,,,,,,,
successOKButton,xpath,,,,,,,,
myGalleryButton,xpath,,,,,,,,
selectPhoto,xpath,,,,,,,,
kebobIcon,xpath,,,,,,,,
deleteIcon,xpath,,,,,,,,
doneButton,xpath,,,,,,,,
imageCard,xpath,,,,,,,"(//XCUIElementTypeCollectionView//XCUIElementTypeOther//XCUIElementTypeImage[contains(@name,'image')])[1]",
