variableName,default,id,xpath,xpath1,css,name,linkText,partialLinkText,className
inputSearchBox,xpath,," //XCUIElementTypeStaticText[@name=""Search,Edit""]",,," Search,Edit",,,
productSuggestion,xpath,,//XCUIElementTypeStaticText[@name="SUGGESTIONS"]/parent::XCUIElementTypeCell/following-sibling::XCUIElementTypeCell[1],,,,,,
searchTextField,xpath,,"//XCUIElementTypeStaticText[@name=""Search,Edit""]","//XCUIElementTypeTextField[@name='Search,Edit']",,,,,
productSuggestion,xpath,,(//XCUIElementTypeStaticText[@name='SUGGESTIONS']/../following-sibling::XCUIElementTypeCell)[1],,,,,,
basketButton,xpath,,//XCUIElementTypeButton[@name="automationNavigationHeaderBasketButton"],//XCUIElementTypeButton[@label='Basket'],,,,,
signInButton,xpath,,//XCUIElementTypeButton[@name="Sign In"],,,,,,
barCodeButton,xpath,,//XCUIElementTypeStaticText[@name="SCAN BARCODEButton."],,,,,,
recommendedForYouCard,xpath,,,,,,,,
chosenForYou,xpath,,,,,,,,
productSuggestionBYOB,xpath,,"//XCUIElementTypeStaticText[contains(@name,'B.Y.O.B')]/..","//XCUIElementTypeStaticText[contains(@name,'B.Y.O.B')]",,,,,
verifyUserIcon,xpath,,//android.widget.TextView[@text='Me'],//android.widget.TextView[@resource-id="com.sephora:id/navigation_bar_item_small_label_view" and @text="Me"],,,,,
inputSearchBox,xpath,,"//XCUIElementTypeTextField[@name=""Search,Edit""]",,,,,,
voiceSearch,xpath,,//XCUIElementTypeStaticText[@name="VOICE SEARCH Button."],,,,,,
