variableName,default,id,css,name,linkText,partialLinkText,className,xpath,xpath1
verifyUserIcon,xpath,,,,,,,//android.widget.TextView[@text='Me'],//android.widget.TextView[@resource-id="com.sephora:id/navigation_bar_item_small_label_view" and @text="Me"]
searchTextField,xpath,"Search,Edit",,"Search,Edit",,,,"//XCUIElementTypeStaticText[@name=""Search,Edit""]",
inputSearchBox,xpath,"Search,Edit",,"Search,Edit",,,,"//XCUIElementTypeTextField[@name=""Search,Edit""]",
productSuggestion,xpath,,,,,,,"//XCUIElementStaticTextField[contains(@id,'suggestions_list')]/XCUIElementStaticTextField[1]","(//androidx.recyclerview.widget.RecyclerView[contains(@resource-id,'suggestions_list')]/android.widget.LinearLayout/android.widget.TextView[@text])[1]"
basketButton,xpath,automationAddToBasket,,automationAddToBasket,,,,//XCUIElementTypeStaticText[@name="automationAddToBasket"],
signInButton,xpath,,,,,,,//XCUIElementTypeButton[@name="Sign In"],
barCodeButton,xpath,com.sephora:id/search_close_btn,,,,,,//android.widget.ImageView[@content-desc="Scan barcode"],
recommendedForYouCard,xpath,,,,,,,"(//android.widget.TextView[@resource-id=""com.sephora:id/title"" and contains(@text,'These Are Recommended For You')]/..//android.view.ViewGroup[@resource-id=""com.sephora:id/product_card""])[1]",
chosenForYou,xpath,,,,,,,"(//android.widget.TextView[@resource-id=""com.sephora:id/title"" and contains(@text,'Chosen For You')]/..//android.view.ViewGroup[@resource-id=""com.sephora:id/product_card""])[1]",
