variableName,default,id,xpath,css,name,linkText,partialLinkText,className
sortButton,xpath,,(//XCUIElementTypeStaticText[@name="Loves"])[2]/following-sibling::XCUIElementTypeStaticText[2],,,,,
sortMostRecent,xpath,,//XCUIElementTypeStaticText[@name="Most Recent (Default)"],,,,,
sortBrandNameAToZ,xpath,,//XCUIElementTypeStaticText[@name="Brand Name A-Z"],,,,,
sortBrandNameZToA,xpath,,//XCUIElementTypeStaticText[@name="Brand Name Z-A"],,,,,
sortPriceLowToHigh,xpath,,//XCUIElementTypeStaticText[@name="Price Low to High"],,,,,
sortPriceHighToLow,xpath,,//XCUIElementTypeStaticText[@name="Price High to Low"],,,,,
clickonsearchbar,xpath,,,,,,,
Searchbox,xpath,,,,,,,
clickonproductname,xpath,,,,,,,
clickonproduct,xpath,,,,,,,
clickonloved,xpath,,,,,,,
clickonloveicon,xpath,,,,,,,
clickonserchbarLoveIcon,xpath,,,,,,,
clickonremoved,xpath,,,,,,,
AddtoBasketIconInLove,xpath,,(//XCUIElementTypeStaticText[@name="Add to Basket"])[1],,,,,
AddtoLoves,xpath,,,,,,,
SearchSephora,xpath,,,,,,,
SearchSephoraSearchBar,xpath,,,,,,,
SearchSephoraloved,xpath,,,,,,,
InStockAtButton,xpath,,(//XCUIElementTypeStaticText[@name="Loves"])[2]/following-sibling::XCUIElementTypeStaticText[3],,,,,
productPrice,xpath,,//XCUIElementTypeButton[@name="Remove"]/preceding-sibling::XCUIElementTypeStaticText[2],,,,,
brandName,xpath,,//XCUIElementTypeButton[@name="Remove"]/preceding-sibling::XCUIElementTypeStaticText[5],,,,,
verifySortDropdown,xpath,,,,,,,
Share,,,,,,,,
SortClick,,,,,,,,
sortOption,,,,,,,,
