variableName,default,id,xpath,xpath1,css,name,linkText,partialLinkText,className
LoveIcon,xpath,,//XCUIElementTypeOther[@name="automationNavigationHeaderLikesButton"],,,,,,
Remove,xpath,,//XCUIElementTypeStaticText[@name="Remove"],,,,,,
ClickOnProductName,xpath,,/XCUIElementTypeStaticText[@name="SUGGESTIONS"]/parent::XCUIElementTypeCell/following-sibling::XCUIElementTypeCell[1],,,,,,
ClickOnProduct,xpath,,//XCUIElementTypeStaticText[@name="Urban Decay"],,,,,,
AddtoWish,xpath,,//XCUIElementTypeButton[@name="Add to Wishlist"],,,,,,
RemoveFromwish,xpath,,//XCUIElementTypeButton[@name="Remove from Wishlist"],,,,,,
ClickSearchBar,xpath,,"//XCUIElementTypeStaticText[@name=""Search,Edit""]",,,,,,
LoveShare,xpath,,(//XCUIElementTypeStaticText[@name="Share"])[1],(//XCUIElementTypeStaticText[@name="Share"])[2],,Share,,,
SortList,xpath,,(//XCUIElementTypeStaticText[@name="Sort: Most Recent Button."])[1],,,,,,
ChooseSort,xpath,,//XCUIElementTypeStaticText[@name="Brand Name A-Z"],,,,,,
RemoveFromLove,xpath,,(//XCUIElementTypeStaticText[@name="Remove"])[1],,,,,,
AddToLoveButton,xpath,,//XCUIElementTypeStaticText[@name="Add to Loves"],,,,,,
SearchManual,xpath,,//XCUIElementTypeTable/XCUIElementTypeCell[2],,,,,,
VerifyLipsticksVisible,xpath,,//XCUIElementTypeStaticText[@value="Eye Liner"],,,,,,
SearchSymbole,xpath,,//XCUIElementTypeButton[@name="automationNavigationHeaderSearchButton"],,,,,,
searchAddLove,xpath,,//XCUIElementTypeButton[@name="Search"],,,,,,
