variableName,default,id,"css,",name,linkText,partialLinkText,className,xpath,xpath1
AppSetting,xpath,,,,,,,//XCUIElementTypeButton[@name="App Settings"],
StaySignedIN,xpath,,,,,,,//XCUIElementTypeSwitch[@name="Stay signed in switch button"],
BuyitAgain,xpath,,,,,,,"//XCUIElementTypeButton[@name=""Buy It Again, Reorder from in-store and online purchases""]",
StartShopping,xpath,,,,,,,(//XCUIElementTypeButton[@name="Add to Basket"])[3],
BeautyPrefrence,xpath,,,,,,,//XCUIElementTypeButton[@name="Beauty Preferences"],
SkinType,xpath,,,,,,,//XCUIElementTypeStaticText[@name="Skin Type"],
SaveContinue,xpath,,,,,,,//XCUIElementTypeButton[@name="Save and Continue" and @enabled='true'],
SkinTone,xpath,,,,,,,//XCUIElementTypeTable/XCUIElementTypeCell[5],
SkipThisQuestion,xpath,,,,,,,//XCUIElementTypeStaticText[@name="Skip this question"],
SameDayWindow,xpath,,,,,,,"//XCUIElementTypeButton[@name=""Same-Day Unlimited,Manage your subscription""]",
CancelSub,xpath,,,,,,,//XCUIElementTypeStaticText[@name="Cancel Subscription"],
CliCkonCancelSub,xpath,,,,,,,(//XCUIElementTypeStaticText[@name="Cancel Subscription"])[3],
Reservation,xpath,,,,,,,"//XCUIElementTypeButton[@name=""Reservations, Manage your services, classes, events""]",
ReservationOption,xpath,,,,,,,//XCUIElementTypeCell,
CancelReservation,xpath,,,,,,,//XCUIElementTypeButton[@name="Cancel"],
beautyPreferenceNormal,xpath,,,,,,,//XCUIElementTypeStaticText[@name="Normal"],//XCUIElementTypeStaticText[@name="Dry"]
