variableName, default,id,css,name,linkText,partialLinkText,className,xpath,xpath1
storeNewsToggleSwitch,xpath,,,Store News Switch Button,,,,//XCUIElementTypeSwitch[@name="Store News Switch Button"],
appOnlyRewardsToggle,xpath,,,App-Only Rewards Switch Button,,,,//XCUIElementTypeSwitch[@name="App-Only Rewards Switch Button"],
beautyInsiderToggleSwitch,xpath,,,Beauty Insider Updates Switch Button,,,,//XCUIElementTypeSwitch[@name="Beauty Insider Updates Switch Button"],
orderStatusUpdatesToggleSwitch,xpath,,,Order Status Updates Switch Button,,,,//XCUIElementTypeSwitch[@name="Order Status Updates Switch Button"],
