variableName,default,id,xpath,css,name,linkText,partialLinkText,className
skipNoWButton,xpath,,//XCUIElementTypeStaticText[@name="Skip For Now"],,,,,
signInButton,xpath,,//XCUIElementTypeButton[@name="Sign In"],,,,,
createAccountButton,xpath,,//XCUIElementTypeStaticText[@name="Create Account"],,,,,
ForgottPass,xpath,,//XCUIElementTypeStaticText[@name="Forgot Password?"],,,,,
SendEmail,xpath,,//XCUIElementTypeButton[@name="Send Email"],,,,,
OK,xpath,,//XCUIElementTypeAlert[@name="Email Sent"]/XCUIElementTypeOther/XCUIElementTypeOther/XCUIElementTypeOther[2]/XCUIElementTypeScrollView[2]/XCUIElementTypeOther[1]/XCUIElementTypeOther/XCUIElementTypeOther[1],,,,,
PersonalizeExperience,xpath,,//XCUIElementTypeButton[@name="Continue"],,,,,
AllowPersonalizeExperience,xpath,,"(//XCUIElementTypeOther[@name=""Horizontal scroll bar, 1 page""])[2]",,,,,
EmailAddress,xpath,,//XCUIElementTypeTextField[@name="Email Address"],,,,,
Password,xpath,,//XCUIElementTypeSecureTextField[@name="Password"],,,,,
Error,xpath,,//XCUIElementTypeAlert[@name="Error"]/XCUIElementTypeOther/XCUIElementTypeOther/XCUIElementTypeOther[2]/XCUIElementTypeScrollView[1]/XCUIElementTypeOther[1]/XCUIElementTypeStaticText[2],,,,,
ErrorOK,xpath,,//XCUIElementTypeButton[@name="OK"],,,,,
Skip,xpath,,//XCUIElementTypeButton[@name="Skip For Now"],,,,,
Resend,xpath,, //XCUIElementTypeButton[@name='Resend'],,,,,
ClosePopup,,,//XCUIElementTypeButton[@name="ic cross tmplt"],,,,,
