variableName,default,id,"css,",xpath,name,linkText,partialLinkText,className
OutofStockProduct,,,,//XCUIElementTypeStaticText[@value="Contour Eye Pencil 12hr Wear Waterproof"],,,,
OutofStockButton,,,,"//XCUIElementTypeStaticText[@name=""out of stock
notify me when availableButton.""]",,,,
Continue,,,,//XCUIElementTypeStaticText[@name="Complete"],,,,
GotIt,,,,//XCUIElementTypeStaticText[@name="Got It"],,,,
ManageStock,,,,"//XCUIElementTypeStaticText[@name=""out of stock
manage notificationsButton.""]",,,,
Quantity,,,,//XCUIElementTypeTextField,,,,
SelectQuantity,,,,//XCUIElementTypePickerWheel[@value="1"],,,,
StopMail,,,,//XCUIElementTypeStaticText[@name="Stop Email Notifications"],,,,
ShowAll,,,,//XCUIElementTypeStaticText[@name="Show All SKU variations.Button."],,,,
ChooseShipping,,,,//XCUIElementTypeApplication[@name="Sephora"]/XCUIElementTypeWindow[1]/XCUIElementTypeOther/XCUIElementTypeOther/XCUIElementTypeOther/XCUIElementTypeOther/XCUIElementTypeOther/XCUIElementTypeOther/XCUIElementTypeOther/XCUIElementTypeOther/XCUIElementTypeOther[1]/XCUIElementTypeOther/XCUIElementTypeScrollView/XCUIElementTypeOther[1]/XCUIElementTypeOther[4]/XCUIElementTypeOther/XCUIElementTypeOther/XCUIElementTypeOther[2]/XCUIElementTypeOther/XCUIElementTypeOther,,,,
ProductNameSuggetion,,,,//XCUIElementTypeStaticText[@name="lipsticks"],,,,
VerifyProductNames,,,,//XCUIElementTypeStaticText[@value="Lipsticks"],,,,
SearchSymbole,,,,//XCUIElementTypeButton[@name="automationNavigationHeaderSearchButton"],,,,
ImageSwipe,,,,//XCUIElementTypeApplication[@name="Sephora"]/XCUIElementTypeWindow[1]/XCUIElementTypeOther/XCUIElementTypeOther/XCUIElementTypeOther/XCUIElementTypeOther/XCUIElementTypeOther/XCUIElementTypeOther/XCUIElementTypeOther/XCUIElementTypeOther/XCUIElementTypeOther[1]/XCUIElementTypeOther/XCUIElementTypeScrollView/XCUIElementTypeOther[1]/XCUIElementTypeOther[1]/XCUIElementTypeScrollView,,,,
doneButton,id,Done,,,Done,,,
