variableName,default,id,xpath,xpath1,xpath2,name,linkText,partialLinkText,className
FirstProduct,xpath,,(//XCUIElementTypeButton[@name="icon PP Loves"])[1]/preceding-sibling::XCUIElementTypeImage,,,,,,
productBranName,xpath,,(//XCUIElementTypeButton[@name="icon PP Loves"])[1]/following-sibling::XCUIElementTypeStaticText,,,,,,
productName,xpath,,(//XCUIElementTypeButton[@name="icon PP Loves"])[1]/following-sibling::XCUIElementTypeOther/XCUIElementTypeStaticText,,,,,,
productVariantShowmore,xpath,,//android.widget.TextView[@content-desc="Show All SKU variations button"],,,,,,
askAQuestionLink,xpath,,//XCUIElementTypeStaticText[@name="Ask a question"],,,,,,
chooseYourItemsButton,xpath,,//XCUIElementTypeStaticText[@label='choose your itemsButton.'],//XCUIElementTypeStaticText[@name="automationAddToBasket"],,,,,
collectionsViewMore,xpath,,//XCUIElementTypeStaticText[@name="VIEW ALL COLORS"],"//XCUIElementTypeStaticText[contains(@name,'VIEW ALL')]",,,,,
addToSetButton,xpath,ADD TO SET,//XCUIElementTypeStaticText[@name="ADD TO SET"],,,,,,
viewChoiceButton,xpath,,//android.widget.TextView[@resource-id="com.sephora:id/view_choices"],,,,,,
choiceDeleteButton,xpath,,//XCUIElementTypeImage[@name="InfoPage_CloseX"],//XCUIElementTypeTable/XCUIElementTypeCell[1]/XCUIElementTypeOther[4],,,,,
selectItem,xpath,,//XCUIElementTypeCollectionView/XCUIElementTypeCell[2]/XCUIElementTypeOther/XCUIElementTypeImage,//XCUIElementTypeCollectionView/XCUIElementTypeCell[3]/XCUIElementTypeOther/XCUIElementTypeOther,,,,,
yourChoiceClose,xpath,,//android.widget.TextView[@resource-id="com.sephora:id/close_button"],,,,,,
selectVariant,xpath,,//XCUIElementTypeCollectionView/XCUIElementTypeCell[2]/XCUIElementTypeOther/XCUIElementTypeImage,//XCUIElementTypeCollectionView/XCUIElementTypeCell[3],,,,,
reviewFilterButton,xpath,,(//androidx.recyclerview.widget.RecyclerView[@resource-id="com.sephora:id/filters_container"]//android.widget.ImageView)[2],,,,,,
firstreviewHelpFull,xpath,,(//android.widget.TextView[@resource-id="com.sephora:id/helpfulCount"])[1],,,,,,
firstReviewNotHelpFull,xpath,,(//android.widget.TextView[@resource-id="com.sephora:id/notHelpfulCount"])[1],,,,,,
seeAllReviewButton,xpath,,//XCUIElementTypeButton[@name="See All Reviews"],,,,,,
sellAllQuestionsButtonn,xpath,,//XCUIElementTypeButton[@name="See all Questions & Answers"],,,,,,
writeAReview,xpath,,//XCUIElementTypeStaticText[@name="Write a review"],,,,,,
searcReviewIcon,xpath,,//XCUIElementTypeCollectionView/XCUIElementTypeCell[1]/XCUIElementTypeOther/XCUIElementTypeOther/XCUIElementTypeOther,(//android.widget.ImageView[@resource-id="com.sephora:id/rr_search"])[1],,,,,
writeAReviewNextButton,xpath,,(//XCUIElementTypeButton[@name="Write a review"])[2],,,,,,
imageNumberCounter,xpath,,//android.widget.TextView[@resource-id="com.sephora:id/pp_hero_image_pager_count_indicator"],,,,,,
Quantity,xpath,,//XCUIElementTypeTextField,,,,,,
QuantityIncrease,xpath,,//android.widget.TextView[@resource-id="com.sephora:id/text" and @text="3"],,,,,,
ProcuctEnter,xpath,,(//android.widget.ImageView[@resource-id="com.sephora:id/product_image"])[1],,,,,,
productImage,xpath,,//android.widget.LinearLayout[@content-desc="Image 1"]//android.widget.ImageView[2],,,,,,
reviewSortDropdown,xpath,,//XCUIElementTypeStaticText[@name="Sort: Newest"],,,,,,
mostHelpfulSort,xpath,,//XCUIElementTypeButton[@name="Most Helpful"],,,,,,
showResultButton,xpath,,//XCUIElementTypeButton[@name="Clear all"]/following-sibling::XCUIElementTypeButton,,,,,,
questionAnswerSortButton,xpath,,//XCUIElementTypeTable/XCUIElementTypeButton[4],//XCUIElementTypeStaticText[@name="Sort:"],(//XCUIElementTypeStaticText[@name="Most Recent Questions"])[2],,,,
mostRecentAnswerOption,xpath,,//XCUIElementTypeStaticText[@name="Most Recent Answers"],//XCUIElementTypeApplication[@name="Sephora"]/XCUIElementTypeWindow[1]/XCUIElementTypeOther[2]/XCUIElementTypeOther/XCUIElementTypeTable/XCUIElementTypeCell[3],,,,,
answerThisQuestionLink,xpath,,(//XCUIElementTypeStaticText[@name="Answer this question"])[1],,,,,,
searchReviewTextBox,xpath,,"//XCUIElementTypeTextField[@name=""Search,Edit""]",,,,,,
reviewResultNull,xpath,,"//XCUIElementTypeStaticText[@name=""Sorry, no reviews contain “Unknown”""]",,,,,,
reviewWithResult,xpath,,//XCUIElementTypeTextView[@name="Product reviews are managed by a third party to verify authenticity and compliance with our Ratings & Reviews guidelines."],,,,,,
QAndAHelpful,xpath,,(//XCUIElementTypeCell/XCUIElementTypeButton[@name])[1],(//XCUIElementTypeCell/XCUIElementTypeButton[@name])[2],(//XCUIElementTypeCell/XCUIElementTypeButton[@name])[1]/XCUIElementTypeStaticText,,,,
