variableName,default,id,css,name,linkText,partialLinkText,className,xpath
ordersButton,xpath,,,,,,,"//XCUIElementTypeButton[@name=""Orders, View & track your online and pickup orders""]"
beautyInsiderSummaryButton,xpath,,,,,,,//XCUIElementTypeButton[@name="Beauty Insider Rewards Program"]
lovesSection,xpath,,,,,,,"//XCUIElementTypeButton[@name=""Loves, View saved products""]"
beautyReferencesLink,xpath,,,,,,,//XCUIElementTypeButton[@name="Beauty Preferences"]
beautyInsiderSummaryLink,xpath,,,,,,,//XCUIElementTypeButton[@name="Beauty Insider Rewards Program"]
rewardsBazaarLink,xpath,,,,,,,//XCUIElementTypeStaticText[@name="Rewards Bazaar"]
beautyInsiderChallengesLink,xpath,,,,,,,//XCUIElementTypeStaticText[@name="Beauty Insider Challenges"]
autoReplenishLink,xpath,,,,,,,"//XCUIElementTypeButton[@name=""Auto-Replenish, View and manage your subscriptions""]"
buyItAgainLink,xpath,,,,,,,"//XCUIElementTypeButton[@name=""Buy It Again, Reorder from in-store and online purchases""]"
accountLink,xpath,,,,,,,"//XCUIElementTypeButton[@name=""Account, Payment, contact info, addresses, password""]"
sameDayUnlimitedLink,xpath,,,,,,,"//XCUIElementTypeButton[@name=""Same-Day Unlimited,Get Unlimited Free Same-Day Delivery""]"
sephoraCreditCardProgramLink,xpath,,,,,,,"//XCUIElementTypeButton[@name=""Sephora Credit Card Program, Apply now""]"
flashLink,xpath,,,,,,,"//XCUIElementTypeButton[@name=""Flash, Unlimited 1-2 day shipping subscription""]"
reservationsLink,xpath,,,,,,,"//XCUIElementTypeButton[@name=""Reservations, Manage your services, classes, events""]"
sampleAndRewardsLink,xpath,,,,,,,"//XCUIElementTypeButton[@name=""Reservations, Manage your services, classes, events""]"
beautyAdvisorRecommendationsLink,xpath,,,,,,,"//XCUIElementTypeButton[@name=""Beauty Advisor Recommendations, Recommended for you by a Beauty Advisor""]"
beautyInsiderChallengesLink_1,xpath,,,,,,,//android.view.ViewGroup[@resource-id="com.sephora:id/beauty_insider_challenges_container"]
liveBeautyHelpLink,xpath,,,,,,,"//XCUIElementTypeButton[@name=""Live Beauty Help, Chat is Unavailable""]"
appSettingsLink,xpath,,,,,,,//XCUIElementTypeButton[@name="App Settings"]
yourLocation,xpath,,,,,,,//android.widget.TextView[@text='Tap to see availability for your location  ']
sameDayDeliveryZipcode,xpath,,,,,,,//android.widget.EditText[@text='Zip/Postal Code']
showResultsButton,xpath,,,,,,,//android.widget.TextView[@text='Show Results']
okButton,xpath,,,,,,,//android.widget.TextView[@text='OK']
verifyZipcode,xpath,,,,,,,"//android.widget.TextView[contains(@text,'Same-Day Unlimited is available in')]"
signOutTab,xpath,,,,,,,//XCUIElementTypeButton[@name="Sign Out"]
