variableName, default,id,xpath,css,name,linkText,partialLinkText,className
accountTab,xpath,,"//XCUIElementTypeButton[@name=""Account, Payment, contact info, addresses, password""]",,,,,
signOutTab,xpath,,//XCUIElementTypeButton[@name="Sign Out"],,,,,
appSettingsTab,xpath,,//XCUIElementTypeButton[@name="App Settings"],,,,,
reservationTab,xpath,,"//XCUIElementTypeButton[@name=""Reservations, Manage your services, classes, events""]",,,,,
firstReservationOption,xpath,,,,,,,
beautyInsiderSummaryButton,xpath,,//XCUIElementTypeButton[@name="BEAUTY INSIDER"],,,,,
sameDayUnlimited,xpath,,"//XCUIElementTypeButton[@name=""Same-Day Unlimited,Manage your subscription""]",,,,,
changePayment,xpath,,//XCUIElementTypeButton[@name="Change Payment Action"],,,,,
sdu_addnewcard,xpath,,//XCUIElementTypeOther[@name="Add New Credit or Debit CardButton."],,,,,
edit_secondcard,xpath,,(//XCUIElementTypeStaticText[@name="Edit"])[2],,,,,
