variableName,default,id,css,name,linkText,partialLinkText,className,xpath,xpath1
askQuestion,xpath,,,,,,,(//XCUIElementTypeStaticText[@name="Ask a question"])[2],
answerQuestion,xpath,,,,,,,(//XCUIElementTypeButton[@name="Answer this question"])[1],
showMoreQuestions,xpath,,,,,,,//XCUIElementTypeStaticText[@name="Show More Questions & Answers"],
sortQuestionsDropDown,xpath,,,,,,,//android.widget.TextView[@resource-id="com.sephora:id/qa_component_sort"],
answerInputField,xpath,,,,,,,//XCUIElementTypeStaticText[@name="Enter Your Answer"]/preceding-sibling::XCUIElementTypeOther/XCUIElementTypeTextView,
answerSubmitButton,xpath,,,,,,,//XCUIElementTypeButton[@name="Submit"],
answerSubmitDoneButton,xpath,,,,,,,(//XCUIElementTypeButton[@name="Done"])[1],(//XCUIElementTypeButton[@name="Done"])[2]
helpFullLink,xpath,,,,,,,//android.widget.TextView[@resource-id="com.sephora:id/helpfulText"],
agreeRadioButton,xpath,,,,,,,"//XCUIElementTypeButton[@name=""Yes, I agree to the Terms of Use""]/parent::XCUIElementTypeOther/preceding-sibling::XCUIElementTypeButton",
freeSample,xpath,,,,,,,//XCUIElementTypeStaticText[@name="I work at Sephora"]/preceding-sibling::XCUIElementTypeButton,
workAtSephora,xpath,,,,,,,//XCUIElementTypeStaticText[@name="I work at Sephora"],
