variableName, default,id,xpath,css,name,linkText,partialLinkText,className
sdu_addcardCancelButton,xpath,,//XCUIElementTypeButton[@name="Cancel"],,,,,
sdu_addCardSaveButton,xpath,,//XCUIElementTypeButton[@name="Save"],,,,,
cardNumber,xpath,,//XCUIElementTypeTextField[@name="automationCreditcardNumber"],,,,,
securityCode,xpath,,//XCUIElementTypeTextField[@name="automationSecurityCode"],,,,,
expiryDate,xpath,,//XCUIElementTypeTextField[@name="automationExpireyDate"],,,,,
firstName,xpath,,//XCUIElementTypeTextField[@name="automationFirstName"],,,,,
lastName,xpath,,//XCUIElementTypeTextField[@name="automationLastName"],,,,,
phone,xpath,,//XCUIElementTypeTextField[@name="Phone (required)"],,,,,
address,xpath,,//XCUIElementTypeTextField[@name="Address (required)"],,,,,
zipcode,xpath,,//XCUIElementTypeTextField[@name="Zip/Postal Code (required)"],,,,,
city,xpath,,//XCUIElementTypeTextField[@name="City (required)"],,,,,
state,xpath,,//XCUIElementTypeTextField[@name="State/Region (required)"],,,,,
saveForFuturePurchaseCheckbox,xpath,,//XCUIElementTypeStaticText[@name="Save for future purchases"],,,,,
expiryDateMonth,xpath,,//XCUIElementTypePickerWheel[1],,,,,
expiryDateYear,xpath,,//XCUIElementTypePickerWheel[2],,,,,
deleteCard,xpath,,//XCUIElementTypeStaticText[@name="Delete this payment method"],,,,,
