variableName,default,id,css,name,linkText,partialLinkText,className,xpath,xpath1
verifySelectSamplesPage,xpath,,,,,,,//XCUIElementTypeNavigationBar[@name="ADD SAMPLE(S)"],//XCUIElementTypeStaticText[@name="ADD SAMPLE(S)"]
selectSampleAddToBasketBtn,xpath,,,,,,,(//XCUIElementTypeButton[@name="automationAddToBasket"])[1],(//XCUIElementTypeStaticText[@name="Add to Basket"])[1]
selectSampleProductName,xpath,,,,,,,"(//android.widget.TextView[@text='Add to Basket'])[1]/../../../../..//android.widget.TextView[contains(@resource-id,'sample_description')and @text]",
DoneButton,xpath,,,,,,,//XCUIElementTypeButton[@name="Done"],//XCUIElementTypeButton[@label="Done"]
