variableName,default,id,xpath,xpath1,css,name,linkText,partialLinkText,className
email,xpath,,//XCUIElementTypeTextField[@name="Email Address"],,,,,,
password,xpath,,//XCUIElementTypeSecureTextField[@name="Password"],,,,,,
signInButton,xpath,,//XCUIElementTypeButton[@name="Sign In"],,,,,,
forgotPasswordLink,xpath,,//XCUIElementTypeStaticText[@name="Forgot Password?"],,,,,,
staySignedIn,xpath,,//XCUIElementTypeSwitch[@name="Stay signed in switch button"],,,,,,
signInLink,xpath,,//XCUIElementTypeButton[@name="Sign In"],,,,,,
createNewAccountLink,xpath,,//XCUIElementTypeStaticText[@name="Don't have an account? Create an account"],,,,,,
StaySignedIn,xpath,,//XCUIElementTypeSwitch[@name="Stay signed in switch button"],,,,,,
ResetPass,xpath,,//android.widget.Button[@resource-id="com.sephora:id/reset_password_button"],,,,,,
forgotPass,xpath,,//android.widget.TextView[@resource-id="com.sephora:id/login_forgot_password"],,,,,,
emailsentok,xpath,,//android.widget.Button[@resource-id="com.sephora:id/ok_button"],,,,,,
CreateAccountButton,xpath,,//XCUIElementTypeButton[@name="Create Account"],//XCUIElementTypeStaticText[@name="Create Account"],,,,,
ResendMail,xpath,,//android.widget.Button[@resource-id="com.sephora:id/resend_button"],,,,,,
signInErrorOKButton,xpath,,//XCUIElementTypeButton[@name="OK"],,,,,,
