variableName,default,id,xpath,css,name,linkText,partialLinkText,className,,
storeModeLink,xpath,,//XCUIElementTypeStaticText[@name="Store Mode"],,,,,,,
findASephoraLink,xpath,,//android.widget.LinearLayout[@content-desc="Find a Sephora"],,,,,,,
storeDetailsButton,xpath,,//XCUIElementTypeButton[@name="Store Details"],,,,,,,
storeName,xpath,,//android.widget.TextView[@resource-id="com.sephora:id/store_name"],,,,,,,
storeNameFromInfoScreen,xpath,,//android.widget.TextView[@resource-id="com.sephora:id/store_info_store_name"],,,,,,,
allTile_Services,xpath,,"//android.widget.TextView[@resource-id=""com.sephora:id/filter_pill"" and contains(@text,""All"")]",,,,,,,
makeUpTile_Services,xpath,,"//android.widget.TextView[@resource-id=""com.sephora:id/filter_pill"" and contains(@text,""Makeup"")]",,,,,,,
hairTile_Services,xpath,,"//android.widget.TextView[@resource-id=""com.sephora:id/filter_pill"" and contains(@text,""Hair"")]",,,,,,,
waxingTile_Services,xpath,,"//android.widget.TextView[@resource-id=""com.sephora:id/filter_pill"" and contains(@text,""Waxing"")]",,,,,,,
skincareTile_Services,xpath,,"//android.widget.TextView[@resource-id=""com.sephora:id/filter_pill"" and contains(@text,""Skincare"")]",,,,,,,
firstService,xpath,,//XCUIElementTypeStaticText[@name="Services"]/parent::XCUIElementTypeOther/parent::XCUIElementTypeOther/XCUIElementTypeCollectionView/XCUIElementTypeCell[1],,,,,,,
storeModeAfterStoreEnabled,xpath,,//XCUIElementTypeButton[@name="Store Mode"],//XCUIElementTypeStaticText[@name="Store Mode"],,,,,,
viewAllLink,xpath,,//android.widget.TextView[@text='From Your Basket']/following-sibling::android.widget.TextView[@resource-id='com.sephora:id/view_all'],,,,,,,
storeModeHeaderText,xpath,,//XCUIElementTypeStaticText[@name="Store Mode"]/following-sibling::XCUIElementTypeOther/XCUIElementTypeStaticText,,,,,,,
firstEvent,xpath,,//android.widget.TextView[@text='Events']/following-sibling::androidx.recyclerview.widget.RecyclerView[1]/android.widget.FrameLayout[1]/android.view.ViewGroup[1]/android.widget.ImageView,,,,,,,
storeDetailsLink,xpath,,//android.widget.TextView[@resource-id="com.sephora:id/store_details"],,,,,,,
insiderImage,xpath,,//android.widget.ImageView[@resource-id="com.sephora:id/points_image"],,,,,,,
beautyInsiderSummaryHeader,xpath,,//android.widget.TextView[@resource-id="com.sephora:id/beauty_insider_summary"],,,,,,,
pointsText,xpath,,//android.widget.TextView[@resource-id="com.sephora:id/points_text"],,,,,,,
verifyInsiderImage_UnRecognizedUser,xpath,,//android.widget.ImageView[@resource-id="com.sephora:id/beautyinsider_not_signed_in_image"],,,,,,,
eventsJumpLink,xpath,,//XCUIElementTypeStaticText[@name="Events"],,,,,,,
eventsDate,xpath,,//android.widget.TextView[@resource-id="com.sephora:id/event_date"],,,,,,,
eventsViewAllLink,xpath,,(//XCUIElementTypeStaticText[@name="View all"])[3],,,,,,,
verifyEventsPage,xpath,,"//android.widget.TextView[contains(@text,'Events')]",,,,,,,
basketJumpLink,xpath,,//android.widget.TextView[@resource-id="com.sephora:id/jumplink_title" and @text="Basket"],,,,,,,
cartButton,xpath,,//android.widget.Button[@content-desc="View shopping cart"],,,,,,,
productsRemoveButton,xpath,,//android.widget.TextView[@resource-id="com.sephora:id/cart_item_remove_button"],,,,,,,
storeNavigationButton,xpath,,//android.widget.FrameLayout[@content-desc="Stores"],,,,,,,
yourLoveListCard,xpath,,//XCUIElementTypeStaticText[@name="Your Loves List"],,,,,,,
addToBasket,xpath,,(//XCUIElementTypeStaticText[@name="Add to Basket"])[1],,,,,,,
beautyOfferJumpLink,xpath,,//XCUIElementTypeStaticText[@name="Beauty Offers"],,,,,,,
chosenForYouJumpLink,xpath,,(//XCUIElementTypeStaticText[@name="Chosen For You"])[1],,,,,,,
quizzesJumpLink,xpath,,//XCUIElementTypeStaticText[@name="Quizzes"],,,,,,,
verifyBeautyOffersPage,xpath,,"//android.widget.TextView[contains(@text,'Beauty Offers')]",,,,,,,
verifyChoosenForYouPage,xpath,,"//android.widget.TextView[contains(@text,'Chosen For You')]",,,,,,,
verifyQuezzesPage,xpath,,"//android.widget.TextView[contains(@text,'Need a Little Guidance')]",,,,,,,
bookAServiceViewAllLink,xpath,,"//android.widget.TextView[contains(@text,'Services')]/following-sibling::android.widget.TextView[@text='View all']",,,,,,,
verifyServiceEventsPage,xpath,,"//android.widget.TextView[contains(@text,'Services and Events at Sephora')]",,,,,,,
serviceMakeUpJumpLink,xpath,,//android.widget.TextView[@resource-id="com.sephora:id/label" and @text="Makeup"],,,,,,,
serviceSkinCareJumpLink,xpath,,//android.widget.TextView[@resource-id="com.sephora:id/label" and @text="Skincare"],,,,,,,
serviceWaxingJumpLink,xpath,,//android.widget.TextView[@resource-id="com.sephora:id/label" and @text="Waxing"],,,,,,,
serviceEventsJumpLink,xpath,,//android.widget.TextView[@resource-id="com.sephora:id/label" and @text="Events"],,,,,,,
verifyServiceMakeUpPage,xpath,,//android.widget.TextView[@resource-id="com.sephora:id/title" and @text="Makeup"],,,,,,,
verifyServiceMakeUpJumpLinkPage,xpath,,//android.widget.TextView[@resource-id="com.sephora:id/title" and @text="Makeup"],,,,,,,
verifyServiceSkinCareJumpLinkPage,xpath,,"//android.widget.TextView[@resource-id=""com.sephora:id/title"" and contains(@text,'Skincare')]",,,,,,,
verifyServiceWaxingJumpLinkPage,xpath,,"//android.widget.TextView[@resource-id=""com.sephora:id/title"" and contains(@text,'Waxing')]",,,,,,,
verifyServiceEventsJumpLinkPage,xpath,,"//android.widget.TextView[@resource-id=""com.sephora:id/title"" and contains(@text,'Events')]",,,,,,,
allowNotifications,xpath,,//XCUIElementTypeButton[@name="Allow Notifications"],,,,,,,//XCUIElementTypeStaticText[@name="Allow Notifications"]
buyItAgainCard,xpath,,//XCUIElementTypeStaticText[@name="Buy It Again"],,,,,,,
beautyOffersViewAll,xpath,,(//XCUIElementTypeButton[@name="View all"])[2],,,,,,,
eventHeader,xpath,,//XCUIElementTypeStaticText[@name="Events"],,,,,,,
eventStartingSoonHeader,xpath,,//XCUIElementTypeStaticText[@name="Event Starting Soon"],,,,,,,
beautyOffersSubHeading,xpath,,//XCUIElementTypeStaticText[@name="Limited time offers in store"],,,,,,,
choosenForYouHeading,xpath,,(//XCUIElementTypeStaticText[@name="Chosen For You"])[2],,,,,,,
quiizzesHeader,xpath,,//XCUIElementTypeStaticText[@name="Need a Little Guidance?"],,,,,,,
choosenForYouViewAll,xpath,,(//XCUIElementTypeStaticText[@name="Chosen For You"])[2]/following-sibling::XCUIElementTypeButton/XCUIElementTypeStaticText,,,,,,,
inAtStoreButton,xpath,,(//XCUIElementTypeStaticText[@name="In Stock At: Sephora TestButton."])[2],,,,,,,
inStockAllButton,xpath,,(//XCUIElementTypeStaticText[@name="In Stock At: AllButton."])[2],,,,,,,
upcomingEvent,xpath,,//XCUIElementTypeStaticText[@name="Upcoming Event"],,,,,,,
