variableName,default,id,css,name,linkText,partialLinkText,className,xpath,xpath1
Events,,,,,,,,(//XCUIElementTypeStaticText[@name="View all"])[2],
Quizzes,,,,,,,,//XCUIElementTypeStaticText[@name="Quizzes"],
Fragrance,,,,,,,,//XCUIElementTypeScrollView//XCUIElementTypeOther[10]//XCUIElementTypeCollectionView//XCUIElementTypeCell[3],
GetStart,,,,,,,,//XCUIElementTypeImage[@name="Fragrance Finder"],
Floaral,,,,,,,,//XCUIElementTypeStaticText[@name="Floral"],
FruityFLowral,,,,,,,,//XCUIElementTypeStaticText[@name="Fruity Florals: with notes like pear & peach"],
BestSeller,,,,,,,,//XCUIElementTypeTable/XCUIElementTypeCell[1],
InStockAtSephora,,,,,,,,//XCUIElementTypeStaticText[@name="In Stock At: Sephora TestButton."],
ClickOnAll,,,,,,,,(//XCUIElementTypeStaticText[@name="View all"])[3],
InSideFragrance,,,,,,,,"//XCUIElementTypeImage[@name=""'Fragrance' heading, button""]",
ReservationDate,,,,,,,,//XCUIElementTypeStaticText[@name="3"],
ClickonEventBook,,,,,,,,//XCUIElementTypeStaticText[@name="Valentine's Day Beauty Services Get a custom makeup look you’ll be crushing on. BOOK NOW ▸"],
Time,,,,,,,,//XCUIElementTypeScrollView/XCUIElementTypeOther[1]/XCUIElementTypeOther[2]/XCUIElementTypeOther/XCUIElementTypeOther/XCUIElementTypeOther/XCUIElementTypeOther[2]/XCUIElementTypeOther[2]/XCUIElementTypeCollectionView/XCUIElementTypeCell/XCUIElementTypeOther/XCUIElementTypeCollectionView/XCUIElementTypeCell[2]/XCUIElementTypeOther/XCUIElementTypeOther,
ContinueBook,,,,,,,,//XCUIElementTypeStaticText[@name="Continue to Booking"],
SecondCheckBox,,,,,,,,(//XCUIElementTypeButton[@name="icon checkbox normal"])[2],
ThirdCheckBox,,,,,,,,(//XCUIElementTypeButton[@name="icon checkbox normal"])[3],
ComplteBooking,,,,,,,,//XCUIElementTypeStaticText[@name="Complete Booking"],
