<configuration>
	<appender name="STDOUT" class="ch.qos.logback.core.ConsoleAppender">
		<encoder>
			<pattern>%d{HH:mm:ss.SSS} [%thread] %-5level %logger{36} - %msg%n</pattern>
		</encoder>
	</appender>

	<root level="debug">
		<appender-ref ref="STDOUT" />
	</root>

	<!-- Rolling file appender to write logs to file as well -->
	<property name="LOG_FILE" value="LogFile" />
	<appender name="FILE" class="ch.qos.logback.core.rolling.RollingFileAppender">
		<file>${LOG_FILE}.log</file>
		<rollingPolicy class="ch.qos.logback.core.rolling.TimeBasedRollingPolicy">
			<!-- daily rollover -->
			<fileNamePattern>${LOG_FILE}.%d{yyyy-MM-dd}.gz</fileNamePattern>
			<!-- keep 30 days' worth of history capped at 3GB total size -->
			<maxHistory>30</maxHistory>
			<totalSizeCap>3GB</totalSizeCap>
		</rollingPolicy>
		<encoder>
			<pattern>%-4relative [%thread] %-5level %logger{35} - %msg%n</pattern>
		</encoder>
	</appender>

	<root level="info">
		<appender-ref ref="FILE" />
	</root>

	<!-- Adds report portal appender to logback and allows it to all the logs to the test method -->
	<appender name="ReportPortalAppender" class="com.epam.reportportal.logback.appender.ReportPortalAppender">
		<encoder>
			<pattern>%d{HH:mm:ss.SSS} [%t] %-5level %logger{36} - %msg%n</pattern>
		</encoder>
	</appender>
	<root>
		<appender-ref ref="ReportPortalAppender" />
	</root>
</configuration>