variableName, default,id,css,name,linkText,partialLinkText,className,xpath,xpath1
nameEditButton,xpath,com.sephora:id/rich_profile_my_account_name_edit,,,,,,//android.widget.TextView[@content-desc="Name Edit button"],
emailEditButton,xpath,com.sephora:id/rich_profile_my_account_email_edit,,,,,,//android.widget.TextView[@content-desc="Email Address Edit button"],
passwordEditButton,xpath,com.sephora:id/rich_profile_my_account_password_edit,,,,,,//android.widget.TextView[@content-desc="Password Edit button"],
firstNameEditField,xpath,,,,,,,//android.widget.LinearLayout[@resource-id="com.sephora:id/change_account_info_first_field"]//android.widget.EditText[@text],
lastNameEditField,xpath,,,,,,,//android.widget.LinearLayout[@resource-id="com.sephora:id/change_account_info_second_field"]//android.widget.EditText[@text],
editAccountDetailsAccept,xpath,com.sephora:id/change_account_info_accept,,,,,,//android.widget.TextView[@resource-id="com.sephora:id/change_account_info_accept"],
editEmailField,xpath,,,,,,,//android.widget.LinearLayout[@resource-id="com.sephora:id/change_account_info_first_field"]//android.widget.FrameLayout//android.widget.EditText[@text],
editConfirmEmailField,xpath,,,,,,,//android.widget.LinearLayout[@resource-id="com.sephora:id/change_account_info_second_field"]//android.widget.FrameLayout//android.widget.EditText[@text],
editPasswordField,xpath,,,,,,,//android.widget.LinearLayout[@resource-id="com.sephora:id/change_account_info_first_field"]//android.widget.FrameLayout//android.widget.EditText[@text],
editPasswordConfirmField,xpath,,,,,,,//android.widget.LinearLayout[@resource-id="com.sephora:id/change_account_info_second_field"]//android.widget.FrameLayout//android.widget.EditText[@text],
