variableName,default,id,css,name,linkText,partialLinkText,className,xpath,xpath1
verifyBrandName,xpath,com.sephora:id/screen_title,,,,,,"//android.widget.TextView[contains(@resource-id,'screen_title')]",
verifyProductName,xpath,com.sephora:id/summary_product_title,,,,,,"//android.widget.TextView[contains(@resource-id,'summary_product_title')]",
addToBasketButton,xpath,com.sephora:id/pp_add_to_basket_button,,,,,,//android.widget.TextView[@text='Add to Basket'],"//androidx.appcompat.widget.LinearLayoutCompat[contains(@resource-id,'sephora_button_container')]"
scrollDownPopup,xpath,,,,,,,"//android.widget.TextView[contains(@text,'Scroll down and tap')]",
addToBasketSelectQuantityButton,xpath,com.sephora:id/sephora_pickup_button_quantity,,,,,,,
addToBasketQuantity,xpath,,,,,,,//android.widget.TextView[@text='2'],
checkoutProductQuantityButton,id,android:id/text1,,,,,,//android.widget.TextView[@text='1'],
checkoutProductQuantity,xpath,,,,,,,//android.widget.CheckedTextView[@text='2'],
buyOnlineAndPickupLink,xpath,com.sephora:id/et_bopis_title,,,,,,//android.widget.TextView[@resource-id="com.sephora:id/et_bopis_title"],"//android.widget.TextView[contains(@text,'Buy Online')]"
checkOtherStoresLink,xpath,com.sephora:id/et_bopis_store_timing,,,,,,"//android.widget.TextView[contains(@text,'Check other stores')]",//android.widget.TextView[@resource-id="com.sephora:id/et_bopis_store_timing"]
similarProductsText,xpath,,,,,,,//android.widget.TextView[@text='Similar Products'],//android.widget.TextView[@content-desc="Similar Products heading"]
sameDayDeliver,xpath,com.sephora:id/same_day_delivery,,,,,,//android.widget.TextView[@resource-id="com.sephora:id/et_sdd_title"],//android.view.ViewGroup[@resource-id="com.sephora:id/same_day_delivery"]
orderTiming,xpath,com.sephora:id/et_sdd_timing,,,,,,//android.widget.TextView[@resource-id="com.sephora:id/et_sdd_timing"],
sameDayDeliveryNotAvailable,xpath,,,,,,,"//android.widget.TextView[contains(@text,'Delivery not available for')]",//android.widget.TextView[@resource-id="com.sephora:id/et_sdd_location"]
changeLocationLink,xpath,com.sephora:id/et_sdd_change_location,,,,,,//android.widget.TextView[@text='Change location'],//android.widget.TextView[@resource-id="com.sephora:id/et_sdd_change_location"]
zipCodeTxtField,xpath,com.sephora:id/zip_code_edittext,,,,,,//android.widget.EditText[@resource-id="com.sephora:id/zip_code_edittext"],
confirmButton,xpath,com.sephora:id/sephora_button_text_primary,,,,,,//android.widget.TextView[@text='Confirm'],
okButton,xpath,,,,,,,//android.widget.TextView[@text='OK'],//android.widget.TextView[@resource-id="com.sephora:id/sephora_button_text_secondary" and @text="OK"]
shopAllFromThisBrand,id,com.sephora:id/view_all,,,,,,//android.widget.TextView[@content-desc="View all link"],
variantText,xpath,,,,,,,(//android.widget.ImageView[@resource-id='com.sephora:id/ppage_variation_swatch_image'])[2],
shippingOption,id,com.sephora:id/standard,,,,,,//android.view.ViewGroup[@content-desc="Get It Shipped Spend $50 for free shipping"],
sameDayDelivery,id,com.sephora:id/same_day_delivery,,,,,,,
