variableName,default,id,css,name,linkText,partialLinkText,className,xpath,xpath1
JoinButton,xpath,,,,,,,(//android.widget.TextView[@text='Join'])[1],
MemberButton,xpath,,,,,,,(//android.widget.TextView[@text='Member'])[1],
MyGroupsButton,xpath,com.sephora:id/community_header_tab_second,,,,,,//android.widget.RadioButton[@text='MY GROUPS'],//android.widget.RadioButton[@resource-id="com.sephora:id/community_header_tab_second"]
nickNameInputTextField,xpath,com.sephora:id/edit_text_nickname,,,,,,//android.widget.EditText[@text='Create Nickname'],//android.widget.EditText[@resource-id="com.sephora:id/edit_text_nickname"]
joinAndContinueButton,xpath,,,,,,,//android.widget.TextView[@text='Join & Continue'],//android.widget.TextView[@resource-id="com.sephora:id/sephora_button_text_primary"]
allGroupsButton,xpath,,,,,,,//android.widget.RadioButton[@text='ALL GROUPS'],//android.widget.RadioButton[@resource-id="com.sephora:id/community_header_tab_first"]
selectJoinedGroup,xpath,,,,,,,(//android.widget.ImageView[@resource-id="com.sephora:id/groupImage"])[1],//android.widget.GridView[@resource-id="com.sephora:id/groups"]/android.widget.FrameLayout/android.widget.LinearLayout
startAConversation,xpath,,,,,,,//android.widget.TextView[@text='Start a Conversation'],//android.widget.TextView[@resource-id="com.sephora:id/start_conversation"]
