variableName,default,id,css,name,linkText,partialLinkText,className,xpath
countryAndLanguageUS,xpath,com.sephora:id/country_us,,,,,,//android.widget.RadioButton[@resource-id="com.sephora:id/country_us"]
countryAndLanguageCanada_En,xpath,com.sephora:id/country_can,,,,,,//android.widget.RadioButton[@resource-id="com.sephora:id/country_can"]
countryAndLanguageCanada_Fr,xpath,com.sephora:id/country_can_fr,,,,,,//android.widget.RadioButton[@resource-id="com.sephora:id/country_can_fr"]
debugModeLink,xpath,com.sephora:id/settings_debug_mode,,,,,,//android.widget.TextView[@resource-id="com.sephora:id/settings_debug_mode"]
popUpContinueButton,xpath,com.sephora:id/cont,,,,,,//android.widget.TextView[@resource-id="com.sephora:id/cont"]
StaySignedIn,xpath,,,,,,,//android.widget.Switch[@resource-id="com.sephora:id/settings_ssi"],
