variableName,default,id,css,name,linkText,partialLinkText,className,xpath,xpath1
enterQuestionField,xpath,com.sephora:id/qa_question_input_edit_text,,,,,,,//android.widget.EditText[@resource-id="com.sephora:id/qa_question_input_edit_text"]
agreeTermsCheckBox,xpath,com.sephora:id/qa_terms_checkbox,,,,,,,//android.widget.CheckBox[@resource-id="com.sephora:id/qa_terms_checkbox"]
submitButton,xpath,com.sephora:id/sephora_button_container,,,,,,,//androidx.appcompat.widget.LinearLayoutCompat[@resource-id="com.sephora:id/sephora_button_container"]
doneButton,xpath,com.sephora:id/qa_result_action_done,,,,,,,//android.widget.Button[@resource-id="com.sephora:id/qa_result_action_done"]
