variableName,default,id,css,name,linkText,partialLinkText,className,xpath,xpath1
verifyCartBrandName,xpath,com.sephora:id/cart_item_brand_name,,,,,,"//android.widget.TextView[contains(@resource-id,'cart_item_brand_name')]",
verifyCartProductName,xpath,com.sephora:id/cart_item_product_name,,,,,,"//android.widget.TextView[contains(@resource-id,'cart_item_product_name')]",
checkoutButton,xpath,com.sephora:id/basket_checkout_button,,,,,,//android.widget.LinearLayout[@content-desc=' Checkout button'],//android.widget.TextView[@text='Checkout']
productsRemoveButton,xpath,com.sephora:id/cart_item_remove_button,,,,,,//android.widget.TextView[@text='REMOVE'],
sephoraCreditCardProgramText,xpath,com.sephora:id/basket_credit_card_banner_header_text,,,,,,"//android.widget.TextView[contains(@resource-id,'basket_credit_card_banner_header_text')]","//android.widget.TextView[contains(@text,'Credit Card Program')]"
seeDetailsButton,xpath,,,,,,,//android.widget.LinearLayout[@content-desc=' See Details button'],//android.widget.TextView[@text='See Details']
verifyCreditCardPage,xpath,,,,,,,//android.widget.TextView[@text='Credit Card'],//android.widget.TextView[@content-desc='Credit Card heading']
FreeSamplesLink,xpath,com.sephora:id/sample_title,,,,,,"//android.widget.TextView[contains(@resource-id,'sample_title')]",
AddPromoCodeLink,xpath,com.sephora:id/basket_promotion_view_current_promotions,,,,,,"//android.widget.TextView[contains(@text,'Add Promo')]","//android.widget.TextView[contains(@resource-id,'basket_promotion_view_current_promotions')]"
ShiptToAdd,,,,,,,,//androidx.recyclerview.widget.RecyclerView[@resource-id="com.sephora:id/checkout_content_recycler_view"]/android.view.ViewGroup[1],
SuggAddress,,,,,,,,"(//android.widget.ImageView[@resource-id=""com.sephora:id/check_icon""])[2]
",
AddEdit,,,,,,,,//android.widget.LinearLayout[@resource-id="com.sephora:id/add_layout"],
zipbox,,,,,,,,//android.widget.EditText[@text="Zip/Postal Code"],
clickonbox,,,,,,,,"//android.widget.EditText[@text=""Apt 1""]
",
phone,,,,,,,,"//android.widget.EditText[@text=""Phone""]
",
address,,,,,,,,//android.widget.AutoCompleteTextView[@text="Address"],
cityclick,,,,,,,,"//android.widget.EditText[@text=""City""]
",
State,,,,,,,,//android.widget.TextView[@resource-id="android:id/text1"],
StateCA,,,,,,,,//android.widget.CheckedTextView[@resource-id="android:id/text1" and @text="CA"],
DoneAddress,,,,,,,,"//android.widget.Button[@resource-id=""com.sephora:id/editor_action_done""]
",
UseMyEnteredAddress,,,,,,,,"//android.widget.TextView[@resource-id=""com.sephora:id/useEntered""]
",
SelectNearLocation,,,,,,,,"//android.widget.TextView[@resource-id=""com.sephora:id/hal_link""]
",
CheckboxRecomendedAdd,,,,,,,,"(//android.widget.RadioButton[@resource-id=""com.sephora:id/location_selector_hal_radio_button""])[1]
",
ChooseThisLocation,,,,,,,,//androidx.appcompat.widget.LinearLayoutCompat[@resource-id="com.sephora:id/sephora_button_container"],
