variableName,default,id,css,name,linkText,partialLinkText,className,xpath
homeNavIcon,xpath,com.sephora:id/nav_home,,,,,,//android.widget.FrameLayout[@content-desc="Home"]
shopNavIcon,xpath,com.sephora:id/nav_shop,,,,,,//android.widget.FrameLayout[@content-desc="Shop"]
offersNavIcon,xpath,com.sephora:id/nav_offers,,,,,,//android.widget.FrameLayout[@content-desc="Offers"]
meNavIcon,xpath,com.sephora:id/nav_me,,,,,,//android.widget.FrameLayout[@content-desc="Me"]
communityNavIcon,xpath,com.sephora:id/nav_community,,,,,,//android.widget.FrameLayout[@content-desc="Community"]
storesNavIcon,xpath,com.sephora:id/nav_stores,,,,,,//android.widget.FrameLayout[@content-desc="Stores"]
