variableName,default,id,css,name,linkText,partialLinkText,className,xpath,xpath1
checkoutButton,xpath,com.sephora:id/sephora_button_text_primary,,,,,,//android.widget.TextView[@text='Checkout'],
paymentOrGiftCard,xpath,com.sephora:id/checkout_payment_header_text,,,,,,//android.widget.TextView[@text='PAYMENT & GIFT CARD'],
addPaymentOrGiftcard,xpath,com.sephora:id/order_item_title,,,,,,//android.widget.TextView[@text='Add Payment / Gift Card'],
addNewCreditOrDebitCard,xpath,com.sephora:id/add_text,,,,,,//android.widget.TextView[@text='Add New Credit or Debit Card'],
cardNumber,xpath,,,,,,,//android.widget.EditText[@text='Card number'],
month,xpath,com.sephora:id/credit_card_month,,,,,,//android.widget.EditText[@text='Month'],
monthOption,xpath,android:id/text1,,,,,,//android.widget.CheckedTextView[@text='%s'],
year,xpath,,,,,,,//android.widget.EditText[@text='Year'],
yearOption,xpath,android:id/text1,,,,,,//android.widget.CheckedTextView[@text='%s'],
cvv,xpath,,,,,,,//android.widget.EditText[@text='CVV'],
firstName,xpath,com.sephora:id/first_name,,,,,,//android.widget.EditText[@text='First Name'],
lastName,xpath,com.sephora:id/last_name,,,,,,//android.widget.EditText[@text='Last Name'],
doneButton,xpath,com.sephora:id/editor_action_done,,,,,,//android.widget.Button[@text='DONE'],
placeOrder,xpath,com.sephora:id/sephora_button_text_primary,,,,,,//android.widget.TextView[@text='Place Order'],
reviewSephoraNoButton,xpath,com.sephora:id/dialog_button_ok,,,,,,//android.widget.Button[@text='NO'],
orderNumber,id,com.sephora:id/order_conf_number,,,,,,"//android.widget.TextView[contains(@text,'Your order # is')]",
shopButton,xpath,com.sephora:id/order_conf_menu_shop,,,,,,//android.widget.Button[@text='SHOP'],
orderViewDetals,xpath,,,,,,,//android.widget.TextView[@text='%s']/following-sibling::android.widget.LinearLayout/android.widget.FrameLayout,
cancelOrder,id,com.sephora:id/cancel_order,,,,,,//android.widget.TextView[@text='Changed your mind? Cancel your order.'],
cancelOrderReason,id,com.sephora:id/radio_button_reason,,,,,,//android.widget.RadioButton[@text='I want to modify the items in my order'],
sendButton,id,com.sephora:id/action_send,,,,,,//android.widget.Button[@text='SEND'],
cancelOrderMessage,id,com.sephora:id/text_message,,,,,,Your order has been successfully canceled. You will receive a confirmation email and your order status will be updated shortly. You will not be charged for this Order.,
backButton,xpath,,,,,,,//android.widget.ImageButton[@content-desc="Back"],
reasonForCancellationHeader,id,com.sephora:id/reason_header,,,,,,//android.widget.TextView[@text='REASON FOR CANCELLATION (select one)'],
shipToHeader,id,com.sephora:id/address_title,,,,,,//android.widget.TextView[@text='SHIP TO'],
selectAddress,id,com.sephora:id/details,,,,,,,
addressDetails,id,com.sephora:id/address_details,,,,,,,
addNewAddress,xpath,com.sephora:id/add_text,,,,,,//android.widget.TextView[@text='Add New Address'],
addNewAddressFirstName,xpath,,,,,,,//android.widget.LinearLayout[@resource-id='com.sephora:id/add_shipping_first_name']//android.widget.EditText,
addNewAddressLastName,xpath,,,,,,,//android.widget.LinearLayout[@resource-id='com.sephora:id/add_shipping_last_name']//android.widget.EditText,
addNewAddressPhone,xpath,,,,,,,//android.widget.LinearLayout[@resource-id='com.sephora:id/add_shipping_phone']//android.widget.EditText,
addNewAddressAddress,xpath,,,,,,,//android.widget.LinearLayout[@resource-id='com.sephora:id/add_shipping_address']//android.widget.AutoCompleteTextView,
addNewAddressZipCode,xpath,,,,,,,//android.widget.LinearLayout[@resource-id='com.sephora:id/add_shipping_zip_code']//android.widget.EditText,
addNewAddressState,id,com.sephora:id/add_shipping_state_text_input_layout,,,,,,//android.widget.LinearLayout[@resource-id='com.sephora:id/add_shipping_state_text_input_layout']//android.widget.EditText,
addNewAddressSelectState,xpath,,,,,,,//android.widget.CheckedTextView[@text='CA'],
addNewAddressCity,xpath,,,,,,,//android.widget.LinearLayout[@resource-id='com.sephora:id/add_shipping_city']//android.widget.EditText,
addNewAddressDoneButton,id,com.sephora:id/editor_action_done,,,,,,//android.widget.Button[@text='DONE'],
afterPayButton,xpath,,,,,,,//android.widget.TextView[@resource-id="com.sephora:id/afterpay_description"],//android.widget.TextView[@text='use Afterpay']
saveButton,xpath,com.sephora:id/afterpay_payment_save_menu_item,,,,,,//android.widget.Button[@resource-id="com.sephora:id/afterpay_payment_save_menu_item"],//android.widget.Button[@text='SAVE']
paymentAndGiftCardBtn,xpath,com.sephora:id/checkout_payment_header_text,,,,,,//android.widget.TextView[@text='PAYMENT & GIFT CARD'],
continueToAfterPayButton,xpath,,,,,,,//androidx.appcompat.widget.LinearLayoutCompat[@resource-id="com.sephora:id/sephora_button_container"],//android.widget.TextView[@text='Continue to Afterpay']
scheduleDeliverWindowButton,xpath,,,,,,,//android.widget.TextView[@text='Schedule a Delivery Window'],//android.view.ViewGroup[@resource-id="com.sephora:id/scheduled_shipping_method"]
radioButton,xpath,,,,,,,(//androidx.recyclerview.widget.RecyclerView[@resource-id="com.sephora:id/delivery_windows_recycler_view"]//android.widget.RadioButton)[3],//android.widget.RadioButton[@resource-id='com.sephora:id/delivery_window_radio_button']
confirmButton,xpath,,,,,,,//android.widget.TextView[@text='Confirm'],//android.widget.TextView[@resource-id="com.sephora:id/sephora_button_text_primary" and @text="Confirm"]
cancelButton,xpath,,,,,,,//android.widget.TextView[@text='Cancel'],//android.widget.TextView[@resource-id="com.sephora:id/sephora_button_text_primary" and @text="Cancel"]
klarnaAfterPay,id,com.sephora:id/klarna_afterpay_info,,,,,,,
klarnaShopNowPayLaterHeader,id,com.sephora:id/fragment_activity_holder_toolbar_title,,,,,,"//android.widget.TextView[@text='Shop Now, Pay Later']",
afterPayLogo,xpath,com.sephora:id/afterpay_logo,,,,,,//android.widget.ImageView[@resource-id="com.sephora:id/afterpay_logo"],"//android.widget.ImageView[contains(@resource-id,'afterpay_logo')]"
addPaymentOKPopup,xpath,com.sephora:id/dialog_button_ok,,,,,,//android.widget.Button[@text='OK'],
freeTrialToBasketButton,xpath,com.sephora:id/sephora_button_container,,,,,,//android.widget.TextView[@text='Add Free Trial to Basket'],
billingAddressHeader,xpath,com.sephora:id/billingAddress,,,,,,//android.widget.TextView[@resource-id="com.sephora:id/billingAddress"],
addressLineOptionalText,xpath,,,,,,,//android.widget.EditText[@text="Address Line 2 (optional)"],
