variableName,default,id,css,name,linkText,partialLinkText,className,xpath,xpath1
communityTopTab,xpath,,,,,,,//android.widget.TextView[@resource-id="com.sephora:id/txtTitle" and @text="Community"],(//android.widget.TextView[@text='Community'])[1]
profileTopTab,xpath,,,,,,,//android.widget.LinearLayout[@content-desc="Profile"],//android.widget.TextView[@text='Profile']
groupsTopTab,xpath,,,,,,,//android.widget.TextView[@resource-id="com.sephora:id/txtTitle" and @text="Groups"],//android.widget.TextView[@text='Groups']
galleryTopTab,xpath,,,,,,,//android.widget.TextView[@text='Gallery'],
startAConversation,xpath,com.sephora:id/txtStartConversation,,,,,,//android.widget.TextView[@text='Start a Conversation'],//android.widget.TextView[@resource-id="com.sephora:id/txtStartConversation"]
uploadToGallery,xpath,com.sephora:id/txtAddPhoto,,,,,,//android.widget.TextView[@resource-id="com.sephora:id/txtAddPhoto"],
TrendingFirstImage,xpath,,,,,,,(//android.view.ViewGroup[@resource-id="com.sephora:id/mainContainer"])[1],
allPostsLink,xpath,com.sephora:id/txtAllPosts,,,,,,//android.widget.TextView[@text='All Posts'],//android.widget.TextView[@resource-id="com.sephora:id/txtAllPosts"]
subscribeButton,xpath,,,,,,,//android.widget.TextView[@text='Subscribe'],//android.widget.TextView[@resource-id="com.sephora:id/subscribe_text"]
unSubscribeButton,xpath,,,,,,,//android.widget.TextView[@text='Unsubscribe'],//android.widget.TextView[@resource-id="com.sephora:id/subscribe_text"]
CommunityProfile,,,,,,,,//android.widget.TextView[@resource-id="com.sephora:id/txtTitle" and @text="Profile"],
EditCommProfile,,,,,,,,//android.widget.Button[@resource-id="com.sephora:id/about_me_edit"],
CommunityGalary,,,,,,,,//android.widget.TextView[@resource-id="com.sephora:id/txtTitle" and @text="Gallery"],
LovetheImage,,,,,,,,//android.widget.ImageView[@resource-id="com.sephora:id/lovesIcon"],
replyButton,xpath,,,,,,,//android.widget.TextView[@text='Reply'],//android.widget.ImageView[@resource-id="com.sephora:id/reply_icon"]
bodyBaner,xpath,,,,,,,//android.view.View[@resource-id="messageEditor_0"],
bodyInputTxt,xpath,,,,,,,//android.view.View[@resource-id="tinyMceEditor_ifr"]//android.widget.EditText[@resource-id="tinymce"],//android.widget.EditText[@resource-id="tinymce"]
postButton,xpath,,,,,,,//android.widget.Button[@text='Post'],
LoveVisible,,,,,,,,//android.widget.TextView[@resource-id="com.sephora:id/lovesCounter"],
ClickonImage,,,,,,,,(//androidx.recyclerview.widget.RecyclerView[@resource-id="com.sephora:id/content"]//android.view.ViewGroup)[11],
