variableName,default,id,css,name,linkText,partialLinkText,className,xpath,xpath1
emailAddressInputText,xpath,com.sephora:id/email_input,,,,,,//android.widget.EditText[@text='Email Address required'],//android.widget.EditText[@resource-id="com.sephora:id/email_input"]
doneButton,xpath,com.sephora:id/editor_action_done,,,,,,//android.widget.Button[@text='DONE'],//android.widget.Button[@resource-id="com.sephora:id/editor_action_done"]
firstNameInputTextField,xpath,com.sephora:id/edittext_first_name,,,,,,android.widget.EditText,//android.widget.EditText[@resource-id="com.sephora:id/edittext_first_name"]
lastNameInputTextField,xpath,com.sephora:id/edittext_last_name,,,,,,//android.widget.EditText[@text='Last name required'],//android.widget.EditText[@resource-id="com.sephora:id/edittext_last_name"]
passwordInputTextField,xpath,com.sephora:id/edittext_password_name,,,,,,//android.widget.EditText[@text='required 6 to 12 characters'],//android.widget.EditText[@resource-id="com.sephora:id/edittext_password_name"]
joinNowButton,xpath,com.sephora:id/sephora_button_container,,,,,,//android.widget.TextView[@text='Join Now'],//androidx.appcompat.widget.LinearLayoutCompat[@resource-id="com.sephora:id/sephora_button_container"]
