variableName,default,id,css,name,linkText,partialLinkText,className,xpath
emailTextField,,com.sephora:id/email_input,,,,,,//android.widget.EditText[@resource-id="com.sephora:id/email_input"]
doneButton,,com.sephora:id/editor_action_done,,,,,,//android.widget.Button[@resource-id="com.sephora:id/editor_action_done"]
firstName,,com.sephora:id/edittext_first_name,,,,,,//android.widget.EditText[@resource-id="com.sephora:id/edittext_first_name"]
lastName,,com.sephora:id/edittext_last_name,,,,,,//android.widget.EditText[@resource-id="com.sephora:id/edittext_last_name"]
password,,com.sephora:id/edittext_password_name,,,,,,//android.widget.EditText[@resource-id="com.sephora:id/edittext_password_name"]
phoneNumber,,com.sephora:id/edittext_phone_number,,,,,,//android.widget.EditText[@resource-id="com.sephora:id/edittext_phone_number"]
signMeMarketingAlert,,com.sephora:id/cbTextAlert,,,,,,//android.widget.CheckBox[@resource-id="com.sephora:id/cbTextAlert"]
subscribeSephoraEmail,,com.sephora:id/create_account_ca_subscribe_email_checkbox,,,,,,//android.widget.CheckBox[@resource-id="com.sephora:id/create_account_ca_subscribe_email_checkbox"]
joinNowButton,,com.sephora:id/sephora_button_container,,,,,,//androidx.appcompat.widget.LinearLayoutCompat[@resource-id="com.sephora:id/sephora_button_container"]
closeButtonPostRegistration,,com.sephora:id/buttonClose,,,,,,//android.widget.ImageView[@content-desc="CLOSE"]
