variableName,default,id,css,name,linkText,partialLinkText,className,xpath
storeIdTxtBox,xpath,,,,,,,//android.widget.EditText[@text="Store ID"]
storeNameTxtBox,xpath,,,,,,,//android.widget.EditText[@text="Store Name"]
storeTypeTxtBox,xpath,,,,,,,//android.widget.EditText[@text="Store Type"]
storeRegion,xpath,,,,,,,//android.widget.EditText[@text="Store Region"]
storeCountry,xpath,,,,,,,//android.widget.EditText[@text="Store Country"]
storeState,xpath,,,,,,,//android.widget.EditText[@text="Store State"]
createStoreVisitButton,xpath,com.sephora:id/create_button,,,,,,//android.widget.LinearLayout[@content-desc=" Create Store Visit button"]
