variableName,default,id,css,name,linkText,partialLinkText,className,xpath,xpath1
RSVPButton,xpath,com.sephora:id/btn_rsvp,,,,,,//android.widget.TextView[@resource-id="com.sephora:id/btn_rsvp"],
completeRSVPButton,xpath,com.sephora:id/sephora_button_text_primary,,,,,,//android.widget.TextView[@resource-id="com.sephora:id/sephora_button_text_primary"],
cancelReservationButton,xpath,com.sephora:id/cancel,,,,,,//android.widget.TextView[@resource-id="com.sephora:id/cancel"],
cancelConfirmationYes,xpath,com.sephora:id/dialog_button_action,,,,,,//android.widget.Button[@resource-id="com.sephora:id/dialog_button_action"],
