variableName,default,id,css,name,linkText,partialLinkText,className,xpath,xpath1
sortDropDown,xpath,,,,,,,(//androidx.recyclerview.widget.RecyclerView[@resource-id="com.sephora:id/megafilterItems"]//android.widget.TextView)[1],
oldestOption,xpath,,,,,,,//android.widget.TextView[@text="Oldest"]/preceding-sibling::android.widget.RadioButton,
ratingDropDown,xpath,,,,,,,//android.widget.TextView[@content-desc="expand to see options" and @text="Rating"],
fiveStarCheckBox,xpath,,,,,,,//androidx.recyclerview.widget.RecyclerView[@resource-id="com.sephora:id/mfSingleSelectList"]//android.view.ViewGroup[1]//android.widget.RadioButton,
showResultsButton,xpath,com.sephora:id/sephora_button_text_primary,,,,,,//android.widget.TextView[@resource-id="com.sephora:id/sephora_button_text_primary"],
