variableName,default,id,css,name,linkText,partialLinkText,className,xpath
useMyLocation,xpath,com.sephora:id/use_location,,,,,,//android.widget.TextView[@resource-id="com.sephora:id/use_location"]
continueButton,xpath,com.sephora:id/btn_ok,,,,,,//android.widget.LinearLayout[@content-desc=" Continue button"]
findAStoreNearYouButton,xpath,com.sephora:id/empty_store_find_store_btn,,,,,,//android.widget.LinearLayout[@content-desc=" Find a Store Near You button"]
selectedLocation,xpath,com.sephora:id/selected_location,,,,,,//android.widget.EditText[@resource-id="com.sephora:id/selected_location"]
enterLocation,xpath,com.sephora:id/search_src_text,,,,,,//android.widget.AutoCompleteTextView[@resource-id="com.sephora:id/search_src_text"]
selectNewYorkOption,xpath,,,,,,,"//android.widget.TextView[@resource-id=""com.sephora:id/tvSuggestion"" and @text=""New York NY, USA""]"
