variableName,default,id,css,name,linkText,partialLinkText,className,xpath,xpath1
verifyUserIcon,xpath,,,,,,,//android.widget.TextView[@text='Me'],//android.widget.TextView[@resource-id="com.sephora:id/navigation_bar_item_small_label_view" and @text="Me"]
searchTextField,xpath,com.sephora:id/tvSearch,,,,,,//android.widget.TextView[@text='Search'],
inputSearchBox,xpath,com.sephora:id/search_src_text,,,,,,//android.widget.AutoCompleteTextView[@text='Search Sephora'],
productSuggestion,xpath,,,,,,,"//androidx.recyclerview.widget.RecyclerView[contains(@resource-id,'suggestions_list')]/android.widget.LinearLayout[1]","(//androidx.recyclerview.widget.RecyclerView[contains(@resource-id,'suggestions_list')]/android.widget.LinearLayout/android.widget.TextView[@text])[1]"
basketButton,xpath,com.sephora:id/header_item_basket,,,,,,//android.widget.Button[@content-desc='View shopping cart'],
signInButton,xpath,com.sephora:id/signInButton,,,,,,//android.widget.LinearLayout[@content-desc=" Sign In button"],
barCodeButton,xpath,com.sephora:id/search_close_btn,,,,,,//android.widget.ImageView[@content-desc="Scan barcode"],
recommendedForYouCard,xpath,,,,,,,"(//android.widget.TextView[@resource-id=""com.sephora:id/title"" and contains(@text,'These Are Recommended For You')]/..//android.view.ViewGroup[@resource-id=""com.sephora:id/product_card""])[1]",
chosenForYou,xpath,,,,,,,"(//android.widget.TextView[@resource-id=""com.sephora:id/title"" and contains(@text,'Chosen For You')]/..//android.view.ViewGroup[@resource-id=""com.sephora:id/product_card""])[1]",
VerfiryRecommendedForYou,,,,,,,,//android.widget.TextView[@text="These Are Recommended For You"],
RecommendedProduct,,,,,,,,(//android.widget.TextView[@text="The Ordinary"])[1],
HomeRefresh,,,,,,,,//android.widget.FrameLayout[@content-desc='Home'],
