variableName,default,id,css,name,linkText,partialLinkText,className,xpath,xpath1,xpath2
sortButton,xpath,com.sephora:id/button_sort,,,,,,//android.widget.Button[@resource-id="com.sephora:id/button_sort"],,
sortMostRecent,xpath,,,,,,,//android.widget.TextView[@content-desc="Most Recent (Default) button"],,
sortBrandNameAToZ,xpath,,,,,,,//android.widget.TextView[@content-desc="Brand Name A-Z button"],//android.widget.TextView[@text='Brand Name A - Z'],//android.widget.TextView[@content-desc='Brand Name A - Z button']
sortBrandNameZToA,xpath,,,,,,,//android.widget.TextView[@content-desc="Brand Name Z-A button"],//android.widget.TextView[@text='Brand Name Z - A'],//android.widget.TextView[@content-desc='Brand Name Z - A button']
sortPriceLowToHigh,xpath,,,,,,,//android.widget.TextView[@content-desc="Price Low to High button"],,
sortPriceHighToLow,xpath,,,,,,,//android.widget.TextView[@content-desc="Price High to Low button"],,
clickonsearchbar,xpath,,,,,,,//android.widget.ImageView[@resource-id="com.sephora:id/iconSearch"],,
Searchbox,xpath,,,,,,,//android.widget.AutoCompleteTextView[@resource-id="com.sephora:id/search_src_text"],,
clickonproductname,xpath,,,,,,,//androidx.recyclerview.widget.RecyclerView[@resource-id="com.sephora:id/suggestions_list"]/android.widget.LinearLayout[1],,
clickonproduct,xpath,,,,,,,(//android.widget.ImageView[@resource-id="com.sephora:id/product_image"])[1],,
clickonloved,xpath,,,,,,,//android.widget.ImageButton[@content-desc="Add to Wishlist"],,
clickonloveicon,xpath,,,,,,,//android.widget.Button[@content-desc="View love list"],,
clickonserchbarLoveIcon,xpath,,,,,,,//android.widget.Button[@content-desc="View love list"],,
clickonremoved,xpath,,,,,,,(//android.widget.TextView[@resource-id="com.sephora:id/sephora_button_text_primary"])[1],,
AddtoBasketIconInLove,xpath,,,,,,,//android.widget.TextView[@resource-id="com.sephora:id/sephora_button_text_primary" and @text="Add to Basket"],,
AddtoLoves,xpath,,,,,,,//androidx.appcompat.widget.LinearLayoutCompat[@resource-id="com.sephora:id/sephora_button_container"],,
SearchSephora,xpath,,,,,,,//android.widget.TextView[@resource-id="com.sephora:id/add_to_loves_search_sephora"],,
SearchSephoraSearchBar,xpath,,,,,,,//android.widget.AutoCompleteTextView[@resource-id="com.sephora:id/search_src_text"],,
SearchSephoraloved,xpath,,,,,,,(//android.widget.ImageButton[@content-desc="Add to Wishlist"])[1],,
InStockAtButton,xpath,com.sephora:id/button_filter,,,,,,//android.widget.Button[@resource-id="com.sephora:id/button_filter"],,
productPrice,xpath,,,,,,,//android.widget.TextView[@resource-id="com.sephora:id/product_regular_price"],,
brandName,xpath,,,,,,,//android.widget.TextView[@resource-id="com.sephora:id/brand_name" and @text],,
verifySortDropdown,xpath,,,,,,,//androidx.recyclerview.widget.RecyclerView[@resource-id="com.sephora:id/sort_recycler_view"]//android.widget.TextView[@content-desc],,
Share,,,,,,,,//android.widget.ImageView[@content-desc="Share"],,
SortClick,,,,,,,,//android.widget.Button[@resource-id="com.sephora:id/button_sort"],,
sortOption,,,,,,,,"//android.widget.TextView[@content-desc=""Brand Name A-Z button""]
",,
removelove,,,,,,,,//android.widget.ImageButton[@content-desc="Remove from Wishlist"],,
