variableName, default,id,css,name,linkText,partialLinkText,className,xpath,xpath1
storeNewsToggleSwitch,xpath,com.sephora:id/storeNotificationsSwitch,,,,,,//android.widget.Switch[@resource-id="com.sephora:id/storeNotificationsSwitch"],
appOnlyRewardsToggle,xpath,com.sephora:id/mobileOffersSwitch,,,,,,//android.widget.Switch[@resource-id="com.sephora:id/mobileOffersSwitch"],
beautyInsiderToggleSwitch,xpath,com.sephora:id/beautyInsidesSwitch,,,,,,//android.widget.Switch[@resource-id="com.sephora:id/beautyInsidesSwitch"],
orderStatusUpdatesToggleSwitch,xpath,com.sephora:id/shipUpdatesSwitch,,,,,,//android.widget.Switch[@resource-id="com.sephora:id/shipUpdatesSwitch"],
