`,default,id,css,name,linkText,partialLinkText,className,xpath,xpath1
FirstProduct,xpath,,,,,,,"(//android.widget.ImageView[contains(@resource-id,'product_image')])[1]",
productBranName,xpath,,,,,,,"(//android.widget.TextView[contains(@resource-id,'brand_name')])[1]",
productName,xpath,,,,,,,"(//android.widget.TextView[contains(@resource-id,'product_name')])[1]",
productVariantShowmore,xpath,com.sephora:id/ppage_variation_show_all,,,,,,//android.widget.TextView[@content-desc="Show All SKU variations button"],
askAQuestionLink,xpath,com.sephora:id/qa_ask_question,,,,,,//android.widget.TextView[@resource-id="com.sephora:id/qa_ask_question"],
chooseYourItemsButton,xpath,com.sephora:id/choose_your_items_button,,,,,,//android.widget.Button[@resource-id="com.sephora:id/choose_your_items_button"],
collectionsViewMore,xpath,com.sephora:id/view_more_less,,,,,,//android.widget.TextView[@resource-id="com.sephora:id/view_more_less"],
addToSetButton,xpath,com.sephora:id/product_add_to_set,,,,,,//android.widget.Button[@resource-id="com.sephora:id/product_add_to_set"],
viewChoiceButton,xpath,com.sephora:id/view_choices,,,,,,//android.widget.TextView[@resource-id="com.sephora:id/view_choices"],
choiceDeleteButton,xpath,com.sephora:id/delete_button,,,,,,//android.widget.ImageView[@resource-id="com.sephora:id/delete_button"],
selectItem,xpath,,,,,,,//androidx.recyclerview.widget.RecyclerView[@resource-id="com.sephora:id/sku_options_recycler_view"]/android.widget.RelativeLayout[1]/android.widget.FrameLayout,
yourChoiceClose,xpath,com.sephora:id/close_button,,,,,,//android.widget.TextView[@resource-id="com.sephora:id/close_button"],
selectVariant,xpath,,,,,,,(//android.widget.TextView[@resource-id="com.sephora:id/ppage_variation_match_result"])[2],(//android.widget.TextView[@resource-id="com.sephora:id/ppage_variation_match_result"])[3]
reviewFilterButton,xpath,,,,,,,(//androidx.recyclerview.widget.RecyclerView[@resource-id="com.sephora:id/filters_container"]//android.widget.ImageView)[2],
firstreviewHelpFull,xpath,,,,,,,(//android.widget.TextView[@resource-id="com.sephora:id/helpfulCount"])[1],
firstReviewNotHelpFull,xpath,,,,,,,(//android.widget.TextView[@resource-id="com.sephora:id/notHelpfulCount"])[1],
seeAllReviewButton,xpath,com.sephora:id/rr_show_more_button,,,,,,//android.widget.LinearLayout[@content-desc=" See All Reviews button"],
sellAllQuestionsButtonn,xpath,com.sephora:id/item_qa_show_more_button,,,,,,//android.widget.LinearLayout[@content-desc=" See All Questions & Answers button"],
writeAReview,xpath,com.sephora:id/rr_write_review,,,,,,//android.widget.TextView[@resource-id="com.sephora:id/rr_write_review"],
searcReviewIcon,xpath,,,,,,,(//androidx.recyclerview.widget.RecyclerView[@resource-id="com.sephora:id/filters_container"]/android.widget.ImageView)[1],(//android.widget.ImageView[@resource-id="com.sephora:id/rr_search"])[1]
writeAReviewNextButton,xpath,com.sephora:id/sephora_button_container,,,,,,//androidx.appcompat.widget.LinearLayoutCompat[@resource-id="com.sephora:id/sephora_button_container"],
imageNumberCounter,xpath,com.sephora:id/pp_hero_image_pager_count_indicator,,,,,,//android.widget.TextView[@resource-id="com.sephora:id/pp_hero_image_pager_count_indicator"],
Quantity,xpath,,,,,,,//androidx.appcompat.widget.LinearLayoutCompat[@resource-id="com.sephora:id/sephora_pickup_button_container"],
QuantityIncrease,xpath,,,,,,,//android.widget.TextView[@resource-id="com.sephora:id/text" and @text="3"],
ProcuctEnter,xpath,,,,,,,(//android.widget.ImageView[@resource-id="com.sephora:id/product_image"])[1],
productImage,xpath,,,,,,,//android.widget.LinearLayout[@content-desc="Image 1"]//android.widget.ImageView[2],
ProcuctEnter,,,,,,,,(//android.widget.ImageView[@resource-id="com.sephora:id/product_image"])[1],
ClickonProduct,,,,,,,,(//android.widget.ImageView[@resource-id='com.sephora:id/product_image'])[3],
Notifyme,,,,,,,,//android.widget.TextView[@text='Notify Me When Available'],
VerifyProductName,,,,,,,,//android.widget.TextView[@resource-id='com.sephora:id/brand_name' and @text='Urban Decay'],
complete,,,,,,,,//android.widget.TextView[@resource-id="com.sephora:id/sephora_button_text_primary"],
ManageNot,,,,,,,,//android.widget.TextView[@text="Manage Notifications"],
Gotit,,,,,,,,//android.widget.TextView[@resource-id="com.sephora:id/sephora_button_text_primary"],
ShippingOption,,,,,,,,//android.view.ViewGroup[@resource-id="com.sephora:id/auto_replenish"],
GetShipping,,,,,,,,//android.view.ViewGroup[@content-desc="Get It Shipped Spend $50 for free shipping"],
