variableName, default,id,css,name,linkText,partialLinkText,className,xpath,xpath1
accountTab,xpath,com.sephora:id/account_title,,,,,,//android.widget.TextView[@resource-id="com.sephora:id/account_title"],
signOutTab,xpath,com.sephora:id/sign_out_title,,,,,,//android.widget.TextView[@resource-id="com.sephora:id/sign_out_title"],
appSettingsTab,xpath,com.sephora:id/app_settings_title,,,,,,//android.widget.TextView[@resource-id="com.sephora:id/app_settings_title"],
reservationTab,xpath,com.sephora:id/reservations_title,,,,,,//android.widget.TextView[@resource-id="com.sephora:id/reservations_title"],
firstReservationOption,xpath,,,,,,,//android.widget.TextView[@content-desc="Upcoming Reservation Heading"]/parent::androidx.recyclerview.widget.RecyclerView/android.view.ViewGroup[1]/android.widget.FrameLayout/android.view.ViewGroup/android.widget.ImageView,
beautyInsiderSummaryButton,xpath,,,,,,,//android.widget.TextView[@resource-id="com.sephora:id/title" and @text="Beauty Insider Summary"],//android.widget.TextView[@text='Beauty Insider Summary']
