variableName,default,id,css,name,linkText,partialLinkText,className,xpath
ordersButton,xpath,com.sephora:id/track_orders_container,,,,,,//android.view.ViewGroup[@resource-id="com.sephora:id/track_orders_container"]
beautyInsiderSummaryButton,xpath,,,,,,,(//android.view.ViewGroup[@content-desc="Beauty Insider button"])[1]
lovesSection,xpath,com.sephora:id/loves_container,,,,,,//android.view.ViewGroup[@resource-id="com.sephora:id/loves_container"]
beautyReferencesLink,xpath,,,,,,,//android.widget.TextView[@resource-id="com.sephora:id/title" and @text="Beauty Preferences"]
beautyInsiderSummaryLink,xpath,,,,,,,//android.widget.TextView[@resource-id="com.sephora:id/title" and @text="Beauty Insider Summary"]
rewardsBazaarLink,xpath,,,,,,,//android.widget.TextView[@resource-id="com.sephora:id/title" and @text="Rewards Bazaar"]
beautyInsiderChallengesLink,xpath,,,,,,,//android.view.ViewGroup[@resource-id="com.sephora:id/container"]
autoReplenishLink,xpath,com.sephora:id/auto_replenish_title,,,,,,//android.widget.TextView[@resource-id="com.sephora:id/auto_replenish_title"]
buyItAgainLink,xpath,com.sephora:id/purchase_history_title,,,,,,//android.widget.TextView[@resource-id="com.sephora:id/purchase_history_title"]
accountLink,xpath,,,,,,,//android.widget.TextView[@resource-id="com.sephora:id/account_title"]
sameDayUnlimitedLink,xpath,com.sephora:id/same_day_unlimited_container,,,,,,//android.view.ViewGroup[@resource-id="com.sephora:id/same_day_unlimited_container"]
sephoraCreditCardProgramLink,xpath,com.sephora:id/credit_card_program_container,,,,,,//android.view.ViewGroup[@resource-id="com.sephora:id/credit_card_program_container"]
flashLink,xpath,com.sephora:id/subscriptions_container,,,,,,//android.view.ViewGroup[@resource-id="com.sephora:id/subscriptions_container"]
reservationsLink,xpath,com.sephora:id/reservations_container,,,,,,//android.view.ViewGroup[@resource-id="com.sephora:id/reservations_container"]
sampleAndRewardsLink,xpath,com.sephora:id/samples_and_rewards_container,,,,,,//android.view.ViewGroup[@resource-id="com.sephora:id/samples_and_rewards_container"]
beautyAdvisorRecommendationsLink,xpath,com.sephora:id/beauty_advisor_recommendations_container,,,,,,//android.view.ViewGroup[@resource-id="com.sephora:id/beauty_advisor_recommendations_container"]
beautyInsiderChallengesLink_1,xpath,com.sephora:id/beauty_insider_challenges_container,,,,,,//android.view.ViewGroup[@resource-id="com.sephora:id/beauty_insider_challenges_container"]
liveBeautyHelpLink,xpath,om.sephora:id/chat_container,,,,,,//android.view.ViewGroup[@resource-id="com.sephora:id/chat_container"]
appSettingsLink,xpath,com.sephora:id/app_settings_container,,,,,,//android.widget.FrameLayout[@resource-id="com.sephora:id/app_settings_container"]
yourLocation,xpath,,,,,,,//android.widget.TextView[@text='Tap to see availability for your location  ']
sameDayDeliveryZipcode,id,com.sephora:id/zip_code_edittext,,,,,,//android.widget.EditText[@text='Zip/Postal Code']
showResultsButton,id,com.sephora:id/sephora_button_text_primary,,,,,,//android.widget.TextView[@text='Show Results']
okButton,xpath,,,,,,,//android.widget.TextView[@text='OK']
verifyZipcode,xpath,,,,,,,"//android.widget.TextView[contains(@text,'Same-Day Unlimited is available in')]"
BeautyPrefrence,,,,,,,,//android.widget.TextView[@text='Beauty Preferences']
FifthPre,,,,,,,,//android.widget.TextView[@text="Ingredient Preferences"]
IgredientAlco,,,,,,,,//android.widget.CheckBox[@text="Alcohol Free"]
ViewAllIngredient,,,,,,,,//android.widget.Button[@resource-id="com.sephora:id/viewAllButton"]
igredientDone,,,,,,,,//android.widget.TextView[@resource-id="com.sephora:id/filter_done"]
SkipThisquestion,,,,,,,,//android.widget.TextView[@resource-id="com.sephora:id/skipButton"]
NoPrerence,,,,,,,,//android.widget.Button[@resource-id="com.sephora:id/button_no_preference"]
SaveButton,,,,,,,,//android.widget.TextView[@resource-id="com.sephora:id/sephora_button_text_primary"]
NoPrefrenceUnclick,,,,,,,,//android.widget.TextView[@resource-id="com.sephora:id/preferenceLabel"]
buyagain,,,,,,,,//android.view.ViewGroup[@resource-id='com.sephora:id/purchase_history_container'],
Clickonadd,,,,,,,,(//androidx.appcompat.widget.LinearLayoutCompat[@resource-id='com.sephora:id/sephora_button_container'])[1],
