variableName,default,id,css,name,linkText,partialLinkText,className,xpath,xpath1
askQuestion,xpath,com.sephora:id/qa_ask_question,,,,,,//android.widget.TextView[@resource-id="com.sephora:id/qa_ask_question"],
answerQuestion,xpath,,,,,,,(//android.widget.TextView[@resource-id="com.sephora:id/qa_answer_this_question"])[1],
showMoreQuestions,xpath,com.sephora:id/sephora_button_container,,,,,,//androidx.appcompat.widget.LinearLayoutCompat[@resource-id="com.sephora:id/sephora_button_container"],
sortQuestionsDropDown,xpath,com.sephora:id/qa_component_sort,,,,,,//android.widget.TextView[@resource-id="com.sephora:id/qa_component_sort"],
answerInputField,xpath,com.sephora:id/qa_answer_input_edit_text,,,,,,//android.widget.EditText[@resource-id="com.sephora:id/qa_answer_input_edit_text"],
answerSubmitButton,xpath,com.sephora:id/qa_submit_button,,,,,,//android.widget.Button[@resource-id="com.sephora:id/qa_submit_button"],
answerSubmitDoneButton,xpath,com.sephora:id/qa_result_action_done,,,,,,//android.widget.Button[@resource-id="com.sephora:id/qa_result_action_done"],
helpFullLink,xpath,com.sephora:id/helpfulText,,,,,,//android.widget.TextView[@resource-id="com.sephora:id/helpfulText"],
