variableName,default,id,css,name,linkText,partialLinkText,className,xpath,xpath1
reviewField,xpath,,,,,,,//android.widget.EditText[@text="Write your review"],
ratingStars,xpath,com.sephora:id/rate_and_review_review_rating_bar,,,,,android.widget.RatingBar,//android.widget.RatingBar[@resource-id="com.sephora:id/rate_and_review_review_rating_bar"],
nextButton,xpath,com.sephora:id/next_button,,,,,,//android.widget.LinearLayout[@resource-id="com.sephora:id/next_button"],
postReviewButton,xpath,com.sephora:id/about_you_btn_post_review,,,,,,//android.widget.LinearLayout[@content-desc=" Post Review button"],
headLineField,xpath,com.sephora:id/rate_and_review_headline,,,,,,//android.widget.LinearLayout[@resource-id="com.sephora:id/rate_and_review_headline"],
