variableName,default,id,css,name,linkText,partialLinkText,className,xpath
noTimesAvailableLink,xpath,,,,,,,//android.widget.TextView[@resource-id="com.sephora:id/sephora_button_text_primary" and @text="No times available"]
showMoreTimesAndLocation,xpath,com.sephora:id/btnShowMoreTimesLocations,,,,,,//android.widget.Button[@resource-id="com.sephora:id/btnShowMoreTimesLocations"]
firstday,xpath,,,,,,,//android.widget.TextView[@resource-id="com.sephora:id/textViewFirstDay"]
secondDay,xpath,,,,,,,(//android.widget.TextView[@resource-id="com.sephora:id/textViewSecondDay"])[2]
thirdDay,xpath,,,,,,,(//android.widget.TextView[@resource-id="com.sephora:id/textViewThirdDay"])[2]
fourthDay,xpath,,,,,,,(//android.widget.TextView[@resource-id="com.sephora:id/textViewFourthDay"])[2]
fifthDay,xpath,,,,,,,(//android.widget.TextView[@resource-id="com.sephora:id/textViewFifthDay"])[2]
sixthDay,xpath,,,,,,,(//android.widget.TextView[@resource-id="com.sephora:id/textViewSixDay"])[2]
seventhDay,xpath,,,,,,,(//android.widget.TextView[@resource-id="com.sephora:id/textViewSevenDay"])[2]
selectTime,xpath,,,,,,,(//android.widget.TextView[@resource-id="com.sephora:id/sephora_button_text_primary"])[1]
continueBookingButton,xpath,,,,,,,//android.widget.TextView[@resource-id="com.sephora:id/sephora_button_text_primary" and @text="Continue to Booking"]
messageUpdateCheckbox,xpath,com.sephora:id/send_message_check_box,,,,,,//android.widget.CheckBox[@resource-id="com.sephora:id/send_message_check_box"]
completeBooking,xpath,com.sephora:id/sephora_button_text_primary,,,,,,//android.widget.TextView[@resource-id="com.sephora:id/sephora_button_text_primary"]
bookingStatus,xpath,com.sephora:id/booking_status,,,,,,//android.widget.TextView[@resource-id="com.sephora:id/booking_status"]
checkPaymentPolicy,xpath,com.sephora:id/checkbox_payment_policy_text,,,,,,//android.widget.TextView[@resource-id="com.sephora:id/checkbox_payment_policy_text"]
