variableName,default,id,css,name,linkText,partialLinkText,className,xpath,xpath1
verifySelectSamplesPage,xpath,com.sephora:id/in_toolbar_title,,,,,,"//android.widget.TextView[contains(@content-desc,'Select Sample')]",
selectSampleAddToBasketBtn,xpath,,,,,,,(//android.widget.TextView[@text='Add to Basket'])[1],
selectSampleProductName,xpath,,,,,,,"(//android.widget.TextView[@text='Add to Basket'])[1]/../../../../..//android.widget.TextView[contains(@resource-id,'sample_description')and @text]",
DoneButton,xpath,com.sephora:id/editor_action_done,,,,,,//android.widget.Button[@text='DONE'],//android.widget.Button[@resource-id="com.sephora:id/editor_action_done"]
