variableName,default,id,css,name,linkText,partialLinkText,className,xpath,xpath1
email,xpath,com.sephora:id/edit_text_email,,,,,,//android.widget.EditText[@resource-id="com.sephora:id/edit_text_email"],
password,xpath,com.sephora:id/edit_text_password,,,,,,//android.widget.EditText[@resource-id="com.sephora:id/edit_text_password"],
signInButton,xpath,com.sephora:id/sephora_button_container,,,,,,//androidx.appcompat.widget.LinearLayoutCompat[@resource-id="com.sephora:id/sephora_button_container"],"//androidx.appcompat.widget.LinearLayoutCompat[contains(@resource-id,'sephora_button_text_container')]/android.widget.TextView[@text='Sign In']"
forgotPasswordLink,xpath,com.sephora:id/login_forgot_password,,,,,,//android.widget.TextView[@resource-id="com.sephora:id/login_forgot_password"],
staySignedIn,xpath,com.sephora:id/login_ssi,,,,,,//android.widget.Switch[@resource-id="com.sephora:id/login_ssi"],
signInLink,xpath,,,,,,,//android.widget.TextView[@text='Sign In'],(//androidx.appcompat.widget.LinearLayoutCompat[@resource-id="com.sephora:id/sephora_button_container"])[1]
createNewAccountLink,xpath,com.sephora:id/login_create_account,,,,,,//android.widget.TextView[@resource-id="com.sephora:id/login_create_account"],
StaySignedIn,xpath,,,,,,,//android.widget.Switch[@resource-id="com.sephora:id/settings_ssi"],
ResetPass,xpath,,,,,,,//android.widget.Button[@resource-id="com.sephora:id/reset_password_button"],
forgotPass,xpath,,,,,,,//android.widget.TextView[@resource-id="com.sephora:id/login_forgot_password"],
emailsentok,xpath,,,,,,,//android.widget.Button[@resource-id="android:id/button1"],
CreateAccountButton,xpath,,,,,,,//android.widget.TextView[@text='Create Account'],//android.widget.TextView[@resource-id="com.sephora:id/sephora_button_text_primary" and @text="Create Account"]
ResendMail,,,,,,,,//android.widget.Button[@resource-id="android:id/button2"],
SendEmail,,,,,,,,//androidx.appcompat.widget.LinearLayoutCompat[@resource-id="com.sephora:id/sephora_button_container"],
