variableName,default,id,css,name,linkText,partialLinkText,className,xpath
searchBox,xpath,com.sephora:id/tvSearch,,,,,,//android.widget.TextView[@resource-id="com.sephora:id/tvSearch"]
searchIcon,xpath,com.sephora:id/iconSearch,,,,,,//android.widget.ImageView[@resource-id="com.sephora:id/iconSearch"]
browseTab,xpath,,,,,,,//android.widget.LinearLayout[@content-desc="Browse"]
offersTab,xpath,,,,,,,//android.widget.LinearLayout[@content-desc="Offers"]
rewardBazaarTab,xpath,,,,,,,//android.widget.LinearLayout[@content-desc="Rewards Bazaar"]
browseNewIcon,xpath,,,,,,,"//android.widget.ImageView[@content-desc=""New, button""]"
browseBrandsIcon,xpath,,,,,,,//android.widget.ImageView[@content-desc="Brands"]
browseMakeupIcon,xpath,,,,,,,//android.widget.ImageView[@content-desc="Makeup"]
browseSkinCareIcon,xpath,,,,,,,//android.widget.ImageView[@content-desc="Skincare"]
browseHairIcon,xpath,,,,,,,//android.widget.ImageView[@content-desc="Hair"]
browseFragranceIcon,xpath,,,,,,,//android.widget.ImageView[@content-desc="Fragrance"]
browseToolsBrushIcon,xpath,,,,,,,//android.widget.ImageView[@content-desc="Tools & Brushes"]
browseBathIcon,xpath,,,,,,,//android.widget.ImageView[@content-desc="Bath & Body"]
browseCleanBeautyIcon,xpath,,,,,,,//android.widget.ImageView[@content-desc="Clean at Sephora"]
browseMiniSizeIcon,xpath,,,,,,,//android.widget.ImageView[@content-desc="Mini Size"]
browseBeautyIcon,xpath,,,,,,,//android.widget.ImageView[@content-desc="Beauty Under $20"]
browseGiftIcon,xpath,,,,,,,//android.widget.ImageView[@content-desc="Gifts"]
browseBestsellerIcon,xpath,,,,,,,//android.widget.ImageView[@content-desc="Bestsellers"]
browseSaleIcon,xpath,,,,,,,//android.widget.ImageView[@content-desc="Sale"]
deliverAndPickupOptionsLink,xpath,,,,,,,//android.widget.TextView[@resource-id="com.sephora:id/cms_component_ui_link" and @text="Delivery and Pickup Options"]
giftCardsAndEGiftCardsLink,xpath,,,,,,,//android.widget.TextView[@resource-id="com.sephora:id/cms_component_ui_link" and @text="Gift Cards & eGift Cards"]
onlyAtSephoraLink,xpath,,,,,,,//android.widget.TextView[@resource-id="com.sephora:id/cms_component_ui_link" and @text="Only at Sephora"]
buyingGuideAndQuizzesLink,xpath,,,,,,,//android.widget.TextView[@resource-id="com.sephora:id/cms_component_ui_link" and @text="Buying Guides & Quizzes"]
blackOwnedBrandsLink,xpath,,,,,,,//android.widget.TextView[@resource-id="com.sephora:id/cms_component_ui_link" and @text="Black-Owned Brands"]
luxurySkincareLink,xpath,,,,,,,//android.widget.TextView[@resource-id="com.sephora:id/cms_component_ui_link" and @text="Luxury Skincare"]
cleanBeautyLink,xpath,,,,,,,//android.widget.TextView[@resource-id="com.sephora:id/cms_component_ui_link" and @text="Clean Beauty"]
Clickonstore,,,,,,,,(//android.widget.ImageView[@resource-id="com.sephora:id/navigation_bar_item_icon_view"])[6]
clickonviewsevents,,,,,,,,"//android.widget.TextView[@resource-id=""com.sephora:id/action_label""]
"
FilterbarforEvents,,,,,,,,//android.widget.ImageView[@resource-id="com.sephora:id/events_main_filter_pill"]
ClickLocation,,,,,,,,//android.widget.TextView[@resource-id="com.sephora:id/filter_title" and @text="Location & Stores"]
Suggestedadd,,,,,,,,"(//android.widget.CheckBox[@resource-id=""com.sephora:id/checkbox""])[1]
"
Clickonshowall,,,,,,,,//androidx.appcompat.widget.LinearLayoutCompat[@resource-id="com.sephora:id/sephora_button_container"]
