variableName,default,id,css,name,linkText,partialLinkText,className,xpath
findAStoreNearYouButton,xpath,com.sephora:id/empty_store_find_store_btn,,,,,,//android.widget.LinearLayout[@content-desc=" Find a Store Near You button"]
storeGreetText,xpath,com.sephora:id/greeting,,,,,,//android.widget.TextView[@resource-id="com.sephora:id/greeting"]
yourLoveListCard,xpath,,,,,,,//android.widget.TextView[@resource-id="com.sephora:id/quick_access_item_title" and @text="Your Loves List"]
buyItAgainCard,xpath,,,,,,,//android.widget.TextView[@resource-id="com.sephora:id/quick_access_item_title" and @text="Buy It Again"]
