variableName,default,id,css,name,linkText,partialLinkText,className,xpath
storeModeLink,xpath,,,,,,,//android.widget.LinearLayout[@content-desc="Store Mode"]
findASephoraLink,xpath,,,,,,,//android.widget.LinearLayout[@content-desc="Find a Sephora"]
storeDetailsButton,xpath,com.sephora:id/store_info_store_details_button,,,,,,//android.widget.LinearLayout[@content-desc=" Store Details button"]
storeName,xpath,com.sephora:id/store_name,,,,,,//android.widget.TextView[@resource-id="com.sephora:id/store_name"]
storeNameFromInfoScreen,xpath,com.sephora:id/store_info_store_name,,,,,,//android.widget.TextView[@resource-id="com.sephora:id/store_info_store_name"]
allTile_Services,xpath,,,,,,,"//android.widget.TextView[@resource-id=""com.sephora:id/filter_pill"" and contains(@text,""All"")]"
makeUpTile_Services,xpath,,,,,,,"//android.widget.TextView[@resource-id=""com.sephora:id/filter_pill"" and contains(@text,""Makeup"")]"
hairTile_Services,xpath,,,,,,,"//android.widget.TextView[@resource-id=""com.sephora:id/filter_pill"" and contains(@text,""Hair"")]"
waxingTile_Services,xpath,,,,,,,"//android.widget.TextView[@resource-id=""com.sephora:id/filter_pill"" and contains(@text,""Waxing"")]"
skincareTile_Services,xpath,,,,,,,"//android.widget.TextView[@resource-id=""com.sephora:id/filter_pill"" and contains(@text,""Skincare"")]"
firstService,xpath,,,,,,,(//android.view.ViewGroup[@resource-id="com.sephora:id/container"])[1]
storeModeAfterStoreEnabled,xpath,com.sephora:id/store_info_store_mode_button,,,,,,//android.widget.LinearLayout[@content-desc=" Store Mode button"]
viewAllLink,xpath,,,,,,,//android.widget.TextView[@text='From Your Basket']/following-sibling::android.widget.TextView[@resource-id='com.sephora:id/view_all']
storeModeHeaderText,xpath,com.sephora:id/greeting,,,,,,//android.widget.TextView[@resource-id="com.sephora:id/greeting"]
firstEvent,xpath,,,,,,,//android.widget.TextView[@text='Events']/following-sibling::androidx.recyclerview.widget.RecyclerView[1]/android.widget.FrameLayout[1]/android.view.ViewGroup[1]/android.widget.ImageView
storeDetailsLink,xpath,com.sephora:id/store_details,,,,,,//android.widget.TextView[@resource-id="com.sephora:id/store_details"]
insiderImage,xpath,com.sephora:id/points_image,,,,,,//android.widget.ImageView[@resource-id="com.sephora:id/points_image"]
beautyInsiderSummaryHeader,xpath,com.sephora:id/beauty_insider_summary,,,,,,//android.widget.TextView[@resource-id="com.sephora:id/beauty_insider_summary"]
pointsText,xpath,com.sephora:id/points_text,,,,,,//android.widget.TextView[@resource-id="com.sephora:id/points_text"]
verifyInsiderImage_UnRecognizedUser,xpath,com.sephora:id/beautyinsider_not_signed_in_image,,,,,storeModeHeaderText,//android.widget.ImageView[@resource-id="com.sephora:id/beautyinsider_not_signed_in_image"]
eventsJumpLink,xpath,,,,,,,//android.widget.TextView[@resource-id="com.sephora:id/jumplink_title" and @text="Events"]
eventsDate,xpath,com.sephora:id/event_date,,,,,,//android.widget.TextView[@resource-id="com.sephora:id/event_date"]
eventsViewAllLink,xpath,,,,,,,"//android.widget.TextView[contains(@text,'Event')]/following-sibling::android.widget.TextView[@text='View all']"
verifyEventsPage,xpath,,,,,,,"//android.widget.TextView[contains(@text,'Events')]"
basketJumpLink,xpath,,,,,,,//android.widget.TextView[@resource-id="com.sephora:id/jumplink_title" and @text="Basket"]
cartButton,xpath,com.sephora:id/header_item_basket,,,,,,//android.widget.Button[@content-desc="View shopping cart"]
productsRemoveButton,xpath,com.sephora:id/cart_item_remove_button,,,,,,//android.widget.TextView[@resource-id="com.sephora:id/cart_item_remove_button"]
storeNavigationButton,xpath,com.sephora:id/navigation_bar_item_large_label_view,,,,,,//android.widget.FrameLayout[@content-desc="Stores"]
yourLoveListCard,xpath,,,,,,,//android.widget.TextView[@resource-id="com.sephora:id/quick_access_item_title" and @text="Your Loves List"]
addToBasket,xpath,,,,,,,(//android.widget.TextView[@text='Add to Basket'])[1]
beautyOfferJumpLink,xpath,,,,,,,//android.widget.TextView[@resource-id="com.sephora:id/jumplink_title" and @text="Beauty Offers"]
chosenForYouJumpLink,xpath,,,,,,,//android.widget.TextView[@resource-id="com.sephora:id/jumplink_title" and @text="Chosen For You"]
quizzesJumpLink,xpath,,,,,,,//android.widget.TextView[@resource-id="com.sephora:id/jumplink_title" and @text="Quizzes"]
verifyBeautyOffersPage,xpath,,,,,,,"//android.widget.TextView[contains(@text,'Beauty Offers')]"
verifyChoosenForYouPage,xpath,,,,,,,"//android.widget.TextView[contains(@text,'Chosen For You')]"
verifyQuezzesPage,xpath,,,,,,,"//android.widget.TextView[contains(@text,'Need a Little Guidance')]"
bookAServiceViewAllLink,xpath,,,,,,,"//android.widget.TextView[contains(@text,'Services')]/following-sibling::android.widget.TextView[@text='View all']"
verifyServiceEventsPage,xpath,,,,,,,"//android.widget.TextView[contains(@text,'Services and Events at Sephora')]"
serviceMakeUpJumpLink,xpath,,,,,,,//android.widget.TextView[@resource-id="com.sephora:id/label" and @text="Makeup"]
serviceSkinCareJumpLink,xpath,,,,,,,//android.widget.TextView[@resource-id="com.sephora:id/label" and @text="Skincare"]
serviceWaxingJumpLink,xpath,,,,,,,//android.widget.TextView[@resource-id="com.sephora:id/label" and @text="Waxing"]
serviceEventsJumpLink,xpath,,,,,,,//android.widget.TextView[@resource-id="com.sephora:id/label" and @text="Events"]
verifyServiceMakeUpPage,xpath,,,,,,,//android.widget.TextView[@resource-id="com.sephora:id/title" and @text="Makeup"]
verifyServiceMakeUpJumpLinkPage,xpath,,,,,,,//android.widget.TextView[@resource-id="com.sephora:id/title" and @text="Makeup"]
verifyServiceSkinCareJumpLinkPage,xpath,,,,,,,"//android.widget.TextView[@resource-id=""com.sephora:id/title"" and contains(@text,'Skincare')]"
verifyServiceWaxingJumpLinkPage,xpath,,,,,,,"//android.widget.TextView[@resource-id=""com.sephora:id/title"" and contains(@text,'Waxing')]"
verifyServiceEventsJumpLinkPage,xpath,,,,,,,"//android.widget.TextView[@resource-id=""com.sephora:id/title"" and contains(@text,'Events')]"
VerifyEventPage,,,,,,,,//android.widget.TextView[@resource-id="com.sephora:id/title" and @text="Events"]
Events,,,,,,,,(//android.widget.TextView[@resource-id="com.sephora:id/action_label"])[2]
StoreIcon,,,,,,,,//android.widget.Button[@content-desc="View shopping cart"]
Quizzes,,,,,,,,//android.widget.TextView[@text="Quizzes"]
ValidateNeedLittle,,,,,,,,//android.widget.TextView[@text='Need a Little Guidance?']
ViewallQuiz,,,,,,,,(//android.widget.TextView[@resource-id='com.sephora:id/view_all'])[2]
QuizzesName,,,,,,,,"//android.widget.TextView[@text='QUIZZES']
"
ClickonQuizz,,,,,,,,"//android.widget.ImageView[@content-desc=""'Fragrance' heading, button""]"
ClickonGetStart,,,,,,,,//androidx.recyclerview.widget.RecyclerView[@resource-id='com.sephora:id/contentRecyclerView']//following-sibling::android.widget.ImageView[@content-desc="Fragrance Finder"]
AnsFlora,,,,,,,,//android.widget.TextView[@text="Floral"]
AnsFruity_Florals,,,,,,,,"//android.widget.TextView[@text='Fruity Florals: with notes like pear & peach']
"
AnsBestSeller,,,,,,,,//android.widget.TextView[@text='Bestsellers']
YouFoundIt,,,,,,,,"//android.widget.ImageView[@content-desc='Fragrance Finder']
"
StoreIcon,,,,,,,,"//android.widget.Button[@content-desc=""View shopping cart""]
"
REMOVE,,,,,,,,"//android.widget.TextView[@resource-id=""com.sephora:id/cart_item_remove_button""]
"
AgainStore,,,,,,,,"//android.widget.FrameLayout[@content-desc=""Stores""]
"
BeautyOffersIcon,,,,,,,,//android.widget.TextView[@text='Beauty Offers']
VerifyTheBeautyoffersName,,,,,,,,"//android.widget.TextView[@text='Beauty Offers (2)']
"
BackFromQuizz,,,,,,,,"//android.widget.ImageButton[@content-desc=""Back""]
"
Events,,,,,,,,(//android.widget.TextView[@resource-id="com.sephora:id/action_label"])[2]
FragranceIcon,,,,,,,,(//android.widget.ImageView[@resource-id="com.sephora:id/quiz_image"])[3]
Dismisspop,,,,,,,,//android.widget.ImageView[@content-desc="Dismiss window"]
ClickStarted,,,,,,,,//android.widget.ImageView[@content-desc="Fragrance Finder"]
VerifyEventPage,,,,,,,,//android.widget.TextView[@resource-id="com.sephora:id/title" and @text="Events"]
PopUpGotit,,,,,,,,//android.widget.TextView[@text="Got It"]
